6102186|||||Odilon Redon|||||(French, 1840 - 1916)|||||Yeux clos|||||Lot 102 - Casa d'Aste Pandolfini, Florence (November 18, 2015)|||||Stampe e Disegni (Sale )||||||||||Estimate:  4,000 - 5,000 EUR|||||Materials: lithograph on Chine paper laid down Measurements: 12.36 in. (31.40 cm.) (height) by 9.49 in. (24.10 cm.) (width) Size Notes: sheet: 475 x 345 mm Edition: 2nd edition (50 Ps in 2 editions) Description: printed by Becquet; 2/4 states Markings: dedicated by artist with pencil 'A  Brethon Lafargue. O.R.'; signed, l.l., stone Condition: fine with wide margins; restored tear Literature:        Stima a 4.000 / 5.000
6102187|||||Paul Jacoulet|||||(French, 1896 - 1960)|||||Vieille Marchand de Carpes|||||Lot 120 - Eldred's Auctioneers, East Dennis (December 03, 2015)|||||Asian Arts Auction (Sale )||||||||||Estimate: $ 800 - 1,200 USD|||||Materials: woodblock print Measurements: Markings: signed l.r. in pencil above fan seal; with carver seal and printer seals l.r. Condition: framed behind mat; not inspected out of frame
6102188|||||Paul Jacoulet|||||(French, 1896 - 1960)|||||La Geisha Kiyoka|||||Lot 121 - Eldred's Auctioneers, East Dennis (December 03, 2015)|||||Asian Arts Auction (Sale )||||||||||Estimate: $ 2,000 - 2,500 USD|||||Materials: woodblock print Measurements: Edition: 219/350 Markings: signed l.l. in pencil above Mandarin duck seal; with seal of printer Tetsunoksuke Honda l.r.; numbered '219/350' verso
6102189|||||Paul Jacoulet|||||(French, 1896 - 1960)|||||Le Mandarin aux Lunettes|||||Lot 122 - Eldred's Auctioneers, East Dennis (December 03, 2015)|||||Asian Arts Auction (Sale )||||||||||Estimate: $ 800 - 1,200 USD|||||Materials: woodblock print Measurements: Markings: signed l.r. above Mandarin Duck seal; with seals of carver and printer l.r. margin Condition: framed behind mat; not inspected out of frame
6102190|||||Nicolo Cannicci|||||(Italian, 1846 - 1906)|||||Batone racconta. Bambina sul letto di morte. Pescatore di bilancia. Batone con il lume|||||Lot 103 - Casa d'Aste Pandolfini, Florence (November 18, 2015)|||||Stampe e Disegni (Sale )||||||||||Estimate:  1,200 - 1,500 EUR|||||Materials: tempera on paper Measurements: 12.60 in. (32.00 cm.) (height) by 16.93 in. (43.00 cm.) (width) Size Notes: 1; 2: 340 x 470 mm; 3: 340 x 460 mm; 4: 355 x 315 mm Description: 4 illustrations for Le veglie di Neri, published 1890
6102191|||||Paul Jacoulet|||||(French, 1896 - 1960)|||||Le Tresor|||||Lot 124 - Eldred's Auctioneers, East Dennis (December 03, 2015)|||||Asian Arts Auction (Sale )||||||||||Estimate: $ 1,500 - 1,800 USD|||||Materials: woodblock print Measurements: Edition: 57/350 Markings: signed l.r. in pencil above butterfly seal; with seals of carver and printer l.r.; numbered '57/350' verso
6102192|||||Paul Jacoulet|||||(French, 1896 - 1960)|||||Vieillad au Chapelet 'Kawadzu'|||||Lot 125 - Eldred's Auctioneers, East Dennis (December 03, 2015)|||||Asian Arts Auction (Sale )||||||||||Estimate: $ 800 - 1,200 USD|||||Materials: woodblock print Measurements: 18.50 in. (46.99 cm.) (height) by 14.20 in. (36.07 cm.) (width) Edition: 110/350 Markings: signed l.r. in pencil above butterfly seal; with seal of carver and printer l.r., numbered '110/350' verso Condition: minor loss verso from removed tape
6102193|||||Paul Jacoulet|||||(French, 1896 - 1960)|||||Le Repas des Mendiants, Coree|||||Lot 126 - Eldred's Auctioneers, East Dennis (December 03, 2015)|||||Asian Arts Auction (Sale )||||||||||Estimate: $ 600 - 800 USD|||||Materials: woodblock print Measurements: Edition: 239/350 Markings: signed l.l. in pencil above tea jar seal; with carver and printer seals l.l.; numbered '239/350'
6102194|||||Telemaco Signorini|||||(Italian, 1835 - 1901)|||||Tommasina du Nin. Paese|||||Lot 104 - Casa d'Aste Pandolfini, Florence (November 18, 2015)|||||Stampe e Disegni (Sale )||||||||||Estimate:  800 - 1,000 EUR|||||Materials: black pencil on heavy light brown paper Measurements: 8.27 in. (21.00 cm.) (height) by 5.28 in. (13.40 cm.) (width) Description: double-sided Markings: monogrammed with pencil, u.r.; titled, l.r. (1) Condition: trimmed; framed
6102195|||||Paul Jacoulet|||||(French, 1896 - 1960)|||||Fleurs des Iles Lointaines|||||Lot 127 - Eldred's Auctioneers, East Dennis (December 03, 2015)|||||Asian Arts Auction (Sale )||||||||||Estimate: $ 1,500 - 2,000 USD|||||Materials: woodblock print Measurements: Edition: 215/350 Markings: signed l.r. in pencil above butterfly seal; with seals of carver and printer l.l.; numbered '215/350' verso
6102196|||||Paul Jacoulet|||||(French, 1896 - 1960)|||||Le Maitre Potier|||||Lot 128 - Eldred's Auctioneers, East Dennis (December 03, 2015)|||||Asian Arts Auction (Sale )||||||||||Estimate: $ 700 - 900 USD|||||Materials: woodblock print Measurements: Edition: 88/350 Markings: signed l.r. in pencil above buttefly seal; with seals of carver and printer l.r.; numbered '88/350' verso Condition: slightly toned and creased
6102197|||||Paul Jacoulet|||||(French, 1896 - 1960)|||||Vendeur de Masques|||||Lot 129 - Eldred's Auctioneers, East Dennis (December 03, 2015)|||||Asian Arts Auction (Sale )||||||||||Estimate: $ 800 - 1,200 USD|||||Materials: woodblock print Measurements: Edition: 225/350 Markings: signed l.l. in pencil above butterfly seal; with seals of carver and printer l.r.; numbered '225/350'
6102198|||||Giovanni Fattori|||||(Italian, 1825 - 1908)|||||Cavalleggeri in vedetta|||||Lot 105 - Casa d'Aste Pandolfini, Florence (November 18, 2015)|||||Stampe e Disegni (Sale )||||||||||Estimate:  8,000 - 12,000 EUR|||||Materials: pen and brown ink, brown and grey watercolor, and graphite pencil traces on ivory paper Measurements: 7.28 in. (18.50 cm.) (height) by 12.52 in. (31.80 cm.) (width) Description: with certificate of registration with Istituto Matteucci (2001, archive no. 81663) Markings: signed, l.l. Condition: framed
6102199|||||Paul Jacoulet|||||(French, 1896 - 1960)|||||Lahomme accroupi. Chinois|||||Lot 131 - Eldred's Auctioneers, East Dennis (December 03, 2015)|||||Asian Arts Auction (Sale )||||||||||Estimate: $ 500 - 700 USD|||||Materials: woodblock print Measurements: Edition: 287/350 Markings: signed l.r. in pencil above owl seal; with seals of carver and printer l.r.; numbered '287/350' verso Condition: adhesive tape verso; some creasing
6102200|||||Paul Jacoulet|||||(French, 1896 - 1960)|||||LaHomme accroupi. Chinois|||||Lot 132 - Eldred's Auctioneers, East Dennis (December 03, 2015)|||||Asian Arts Auction (Sale )||||||||||Estimate: $ 500 - 700 USD|||||Materials: woodblock print Measurements: 18.50 in. (46.99 cm.) (height) by 14.00 in. (35.56 cm.) (width) Edition: 157/250 Markings: signed l.l. in pencil above owl seal; with seals of two carvers l.r.; numbered '157/250' verso Condition: damaged verso
6102201|||||Paul Jacoulet|||||(French, 1896 - 1960)|||||La Mariee|||||Lot 133 - Eldred's Auctioneers, East Dennis (December 03, 2015)|||||Asian Arts Auction (Sale )||||||||||Estimate: $ 900 - 1,600 USD|||||Materials: woodblock print Measurements: 18.00 in. (45.72 cm.) (height) by 13.90 in. (35.31 cm.) (width) Edition: 268/350 Markings: signed l.l. in pencil above owl seal; with seals of carver and printer l.r.; numbered '268/350' verso
6102202|||||Giovanni Fattori|||||(Italian, 1825 - 1908)|||||Cavallo al pascolo|||||Lot 106 - Casa d'Aste Pandolfini, Florence (November 18, 2015)|||||Stampe e Disegni (Sale )||||||||||Estimate:  600 - 800 EUR|||||Materials: pen and brown ink, and polychrome watercolor on light brown cardboard Measurements: 3.86 in. (9.80 cm.) (height) by 5.51 in. (14.00 cm.) (width) Markings: signed with pen; printed phrase 'Cartolina Commemorativa. The danzante di beneficenza al Palazzo Riccardi. Firenze Aprile 25 1902', and penned phrase 'piccolo ma finissimo acquerello del mio maestro. Giovanni Malesci', verso Condition: framed
6102203|||||Paul Jacoulet|||||(French, 1896 - 1960)|||||Vieille Aino. Chikabumi Hokkaido Japon|||||Lot 134 - Eldred's Auctioneers, East Dennis (December 03, 2015)|||||Asian Arts Auction (Sale )||||||||||Estimate: $ 800 - 1,000 USD|||||Materials: woodblock print Measurements: 18.75 in. (47.62 cm.) (height) by 14.25 in. (36.20 cm.) (width) Edition: 223/350 Markings: signed c.r. in pencil above owl seal; with seals of carver and printer at right; numbered '223/350' verso Condition: adhesive tape remnants verso
6102204|||||Paul Jacoulet|||||(French, 1896 - 1960)|||||Le Marie; Les Vieux Manuscrits; Jeu Princier|||||Lot 135 - Eldred's Auctioneers, East Dennis (December 03, 2015)|||||Asian Arts Auction (Sale )||||||||||Estimate: $ 900 - 1,200 USD|||||Materials: woodblock print Measurements: Description: three works Markings: inscribed 'A mon grand ad.... et bon ami Monsieur Frederique Bonsal - Paul Jacoulet le 2 Mars 1957 Kariuzawa Japon' (3) Condition: all laid down and two with mats attached
6102205|||||Edgar Degas|||||(French, 1834 - 1917)|||||Studio di nudo maschile|||||Lot 107 - Casa d'Aste Pandolfini, Florence (November 18, 2015)|||||Stampe e Disegni (Sale )||||||||||Estimate:  6,000 - 8,000 EUR|||||Materials: graphite pencil on light brown paper Measurements: 10.43 in. (26.50 cm.) (height) by 8.07 in. (20.50 cm.) (width) Markings: studio stamp 'Degas', l.r.; artist's stamp, l.l. Condition: framed
6102206|||||Paul Jacoulet|||||(French, 1896 - 1960)|||||The Pearls|||||Lot 136 - Eldred's Auctioneers, East Dennis (December 03, 2015)|||||Asian Arts Auction (Sale )||||||||||Estimate: $ 2,000 - 2,500 USD|||||Materials: woodblock print Measurements: Markings: signed l.l. in pencil above peach seal; with seals of carver and printer l.r.; with red seal 'PJ' verso
6102207|||||Paul Jacoulet|||||(French, 1896 - 1960)|||||Les Vieux Manuscrits|||||Lot 137 - Eldred's Auctioneers, East Dennis (December 03, 2015)|||||Asian Arts Auction (Sale )||||||||||Estimate: $ 800 - 1,000 USD|||||Materials: woodblock print Measurements: Edition: 148/250 Markings: signed c.r. in pencil above ivy seal; with seals of carver and printer l.r.; numbered '148/250' verso
6102208|||||Paul Jacoulet|||||(French, 1896 - 1960)|||||Le Bossu|||||Lot 138 - Eldred's Auctioneers, East Dennis (December 03, 2015)|||||Asian Arts Auction (Sale )||||||||||Estimate: $ 500 - 700 USD|||||Materials: woodblock print Measurements: 18.75 in. (47.62 cm.) (height) by 14.25 in. (36.20 cm.) (width) Edition: 109/350 Markings: signed l.l. in pencil above ivy seal; with seals of carver and printer l.r.; numbered '109/350' verso; inscribed in pencil verso l.r. Condition: some creases and areas of wear; adhesive tape remnants verso
6102209|||||Paul Jacoulet|||||(French, 1896 - 1960)|||||Flocons de Neige|||||Lot 139 - Eldred's Auctioneers, East Dennis (December 03, 2015)|||||Asian Arts Auction (Sale )||||||||||Estimate: $ 300 - 400 USD|||||Materials: woodblock print Measurements: Markings: signed l.r. in pencil above peony seal; with seal of carver l.r. Condition: trimmed from all sides; some toning, heavier verso
6102210|||||Edgar Chahine|||||(French, 1874 - 1947)|||||Nudeo femminile disteso|||||Lot 108 - Casa d'Aste Pandolfini, Florence (November 18, 2015)|||||Stampe e Disegni (Sale )||||||||||Estimate:  500 - 700 EUR|||||Materials: red pencil heightened with white pencil on ivory paper Measurements: 6.69 in. (17.00 cm.) (height) by 15.04 in. (38.20 cm.) (width) Markings: signed and dated '1924' with red pencil Condition: framed
6102211|||||Paul Jacoulet|||||(French, 1896 - 1960)|||||Les Bons Piments Rouges|||||Lot 140 - Eldred's Auctioneers, East Dennis (December 03, 2015)|||||Asian Arts Auction (Sale )||||||||||Estimate: $ 1,200 - 1,500 USD|||||Materials: woodblock print Measurements: Edition: 67/350 Markings: with printer and carver's seals l.r.; numbered '67/350'
6102212|||||Carl Ivanovich Kollmann|||||(Russian, 1788 - 1846)|||||La partenza della recluta. Un soldato gioca con un bambino|||||Lot 109 - Casa d'Aste Pandolfini, Florence (November 18, 2015)|||||Stampe e Disegni (Sale )||||||||||Estimate:  700 - 1,000 EUR|||||Materials: polychrome tempera on paper Measurements: 9.84 in. (25.00 cm.) (height) by 12.60 in. (32.00 cm.) (width) Size Notes: 1; 2: 165 x 128 mm Description: pair Markings: signed and dated '1824' Condition: framed (1-2)
6102213|||||Carl Ivanovich Kollmann|||||(Russian, 1788 - 1846)|||||Slitte tirate da cavalli attraverso la campagna russa|||||Lot 110 - Casa d'Aste Pandolfini, Florence (November 18, 2015)|||||Stampe e Disegni (Sale )||||||||||Estimate:  1,000 - 1,500 EUR|||||Materials: tempera on paper Measurements: 5.79 in. (14.70 cm.) (height) by 8.07 in. (20.50 cm.) (width) Size Notes: each Description: pair Markings: signed and dated '1820' (each) Condition: framed
6102214|||||Ishinsai Gyokuzan|||||(Japanese, )|||||Depicting a tiger and bamboo.|||||Lot 209 - Eldred's Auctioneers, East Dennis (December 03, 2015)|||||Asian Arts Auction (Sale )||||||||||Estimate: $ 300 - 400 USD|||||Materials: painting on paper Measurements: 34.50 in. (87.63 cm.) (height) by 21.50 in. (54.61 cm.) (width) Description: early 20th C Markings: signed and marked with seal
6102215|||||Vincenzo Loria|||||(Italian, 1849 - 1939)|||||Marina con pescatori al tramonto|||||Lot 111 - Casa d'Aste Pandolfini, Florence (November 18, 2015)|||||Stampe e Disegni (Sale )||||||||||Estimate:  500 - 700 EUR|||||Materials: graphite pencil and polychrome watercolor on light-brown cardboard Measurements: 12.20 in. (31.00 cm.) (height) by 23.23 in. (59.00 cm.) (width) Markings: signed, l.r. Condition: framed
6102216|||||Attributed to   Tang Yin|||||(Chinese, 17/18th C)|||||Depicting a lohan contemplating Buddha|||||Lot 1006 - Eldred's Auctioneers, East Dennis (December 03, 2015)|||||Asian Arts Auction (Sale )||||||||||Estimate: $ 2,000 - 3,000 USD|||||Materials: painting on paper Measurements: 36.00 in. (91.44 cm.) (height) by 16.75 in. (42.54 cm.) (width) Size Notes: sheet: 91.5 x 42.7 in
6102217|||||Gabrielli Carelli|||||(Italian, 1820 - 1900)|||||Barche in secca su una costa orientale|||||Lot 112 - Casa d'Aste Pandolfini, Florence (November 18, 2015)|||||Stampe e Disegni (Sale )||||||||||Estimate:  600 - 800 EUR|||||Materials: polychrome watercolor on light brown cardboard Measurements: 11.89 in. (30.20 cm.) (height) by 21.46 in. (54.50 cm.) (width) Markings: signed and dated '1868', l.l. Condition: framed
6102218|||||Attributed to   Shang Kuan Chou|||||(Chinese, 1655 - 1750)|||||Depicting a scholar, geese, and a goatherd|||||Lot 1007 - Eldred's Auctioneers, East Dennis (December 03, 2015)|||||Asian Arts Auction (Sale )||||||||||Estimate: $ 1,000 - 1,500 USD|||||Materials: painting on silk Measurements: 14.00 in. (35.56 cm.) (height) by 12.00 in. (30.48 cm.) (width) Size Notes: visible area Markings: with seal l.r. Condition: framed behind mat
6102219|||||Mario Puccini|||||(Italian, 1869 - 1920)|||||Calafati|||||Lot 113 - Casa d'Aste Pandolfini, Florence (November 18, 2015)|||||Stampe e Disegni (Sale )||||||||||Estimate:  2,000 - 2,500 EUR|||||Materials: charcoal on board Measurements: 1.02 in. (2.60 cm.) (height) by 1.20 in. (3.06 cm.) (width) Markings: collection label 'Romolo Monti', verso
6102220|||||Yu Guo Mei|||||(Chinese, )|||||[Untitled|||||Lot 1010 - Eldred's Auctioneers, East Dennis (December 03, 2015)|||||Asian Arts Auction (Sale )||||||||||Estimate: $ 400 - 600 USD|||||Materials: calligraphy on gold-flecked ground Measurements: 22.50 in. (57.15 cm.) (height) by 49.00 in. (124.46 cm.) (width) Markings: with calligraphy signature and two seal marks
6102221|||||Attributed to   Huang Bin|||||(Chinese, 20th/21st C)|||||Depicting mountains and cottages in black ink|||||Lot 1011 - Eldred's Auctioneers, East Dennis (December 03, 2015)|||||Asian Arts Auction (Sale )||||||||||Estimate: $ 800 - 1,200 USD|||||Materials: painting on paper Measurements: 69.00 in. (175.26 cm.) (height) by 18.75 in. (47.62 cm.) (width)
6102222|||||Lino Selvatico|||||(Italian, 1872 - 1924)|||||Ritratto di giovane donna con cappello|||||Lot 114 - Casa d'Aste Pandolfini, Florence (November 18, 2015)|||||Stampe e Disegni (Sale )||||||||||Estimate:  1,500 - 2,000 EUR|||||Materials: black pencil, red and black pastel, white tempera, and watercolor on prepared light brown paper Measurements: 15.16 in. (38.50 cm.) (height) by 10.83 in. (27.50 cm.) (width) Markings: signed and dated '1904', l.r.
6102223|||||Attributed to   Jiang Zhaohe|||||(Chinese, 1904 - 1986)|||||Depicting a young woman working at needlework|||||Lot 1012 - Eldred's Auctioneers, East Dennis (December 03, 2015)|||||Asian Arts Auction (Sale )||||||||||Estimate: $ 700 - 900 USD|||||Materials: painting on paper Measurements: 35.50 in. (90.17 cm.) (height) by 19.00 in. (48.26 cm.) (width) Markings: signed and with seal
6102224|||||Andre Dunoyer de Segonzac|||||(French, 1884 - 1974)|||||Les demoiselles de la Marne|||||Lot 115 - Casa d'Aste Pandolfini, Florence (November 18, 2015)|||||Stampe e Disegni (Sale )||||||||||Estimate:  300 - 500 EUR|||||Materials: drypoint Measurements: 11.26 in. (28.60 cm.) (height) by 16.46 in. (41.80 cm.) (width) Size Notes: sheet: 375 x 520 mm Markings: signed with pencil, l.l. Condition: fine with wide margins; minor browning
6102225|||||Attributed to   Jiang Wen Zhi|||||(Chinese, )|||||Depicting a riverside village with plum trees|||||Lot 1013 - Eldred's Auctioneers, East Dennis (December 03, 2015)|||||Asian Arts Auction (Sale )||||||||||Estimate: $ 600 - 800 USD|||||Materials: painting on paper Measurements: 53.25 in. (135.26 cm.) (height) by 20.50 in. (52.07 cm.) (width) Description: 20th C
6102226|||||Attributed to   Shun Yue Tao|||||(Chinese, )|||||Depicting a hawk on a pine branch|||||Lot 1014 - Eldred's Auctioneers, East Dennis (December 03, 2015)|||||Asian Arts Auction (Sale )||||||||||Estimate: $ 600 - 800 USD|||||Materials: painting on paper Measurements: 33.75 in. (85.72 cm.) (height) by 18.25 in. (46.36 cm.) (width)
6102227|||||Yao Lu Qi|||||(Chinese, )|||||Depicting crabs|||||Lot 1015 - Eldred's Auctioneers, East Dennis (December 03, 2015)|||||Asian Arts Auction (Sale )||||||||||Estimate: $ 400 - 600 USD|||||Materials: painting on paper Measurements: 25.50 in. (64.77 cm.) (height) by 12.75 in. (32.39 cm.) (width) Markings: signed and with seal
6102228|||||Yao Lu Qi|||||(Chinese, )|||||Depicting two yellow birds and wisteria|||||Lot 1016 - Eldred's Auctioneers, East Dennis (December 03, 2015)|||||Asian Arts Auction (Sale )||||||||||Estimate: $ 400 - 600 USD|||||Materials: painting on paper Measurements: 37.50 in. (95.25 cm.) (height) by 18.00 in. (45.72 cm.) (width) Markings: signed and with seal
6102229|||||Yao Lu Qi|||||(Chinese, )|||||Depicting lotus and lotus leaves|||||Lot 1017 - Eldred's Auctioneers, East Dennis (December 03, 2015)|||||Asian Arts Auction (Sale )||||||||||Estimate: $ 400 - 600 USD|||||Materials: painting on paper Measurements: 41.50 in. (105.41 cm.) (height) by 13.25 in. (33.66 cm.) (width) Markings: signed and with seal
6102230|||||Marino Marini|||||(Italian, 1901 - 1980)|||||Chevaux et cavaliers VIII|||||Lot 116 - Casa d'Aste Pandolfini, Florence (November 18, 2015)|||||Stampe e Disegni (Sale )||||||||||Estimate:  500 - 800 EUR|||||Materials: 7-color lithograph on Aches paper Measurements: 15.55 in. (39.50 cm.) (height) by 20.47 in. (52.00 cm.) (width) Size Notes: sheet: 500 x 650 mm Edition: AP (edition of 80 + 3 + 3 HCs) Description: pl. 8 from series: Chevaux et cavaliers, published by SociAtA International daArt XXe SiA cle and printed by Mourlot in 1972 Markings: signed with pencil, l.r.; numbered 'E.A.' Condition: fine with wide margins
6102231|||||Attributed to   Yu Feian|||||(Chinese, 1888 - 1959)|||||Depicting pink lotus and leaves with calligraphy|||||Lot 1018 - Eldred's Auctioneers, East Dennis (December 03, 2015)|||||Asian Arts Auction (Sale )||||||||||Estimate: $ 800 - 1,200 USD|||||Materials: painting on paper Measurements: 48.00 in. (121.92 cm.) (height) by 12.75 in. (32.39 cm.) (width) Markings: with seals
6102232|||||Fan Zeng|||||(Chinese, 1938)|||||Depicting a boy playing a board game with a monkey|||||Lot 1019 - Eldred's Auctioneers, East Dennis (December 03, 2015)|||||Asian Arts Auction (Sale )||||||||||Estimate: $ 2,000 - 3,000 USD|||||Materials: painting on paper Measurements: 52.75 in. (133.98 cm.) (height) by 26.00 in. (66.04 cm.) (width) Markings: signed and with two seals
6102233|||||Yao Lu Qi|||||(Chinese, )|||||Depicting two mandarin ducks and lotus|||||Lot 1021 - Eldred's Auctioneers, East Dennis (December 03, 2015)|||||Asian Arts Auction (Sale )||||||||||Estimate: $ 400 - 600 USD|||||Materials: painting on paper Measurements: 31.00 in. (78.74 cm.) (height) by 12.25 in. (31.12 cm.) (width) Markings: signed and with seal
6102234|||||Attributed to   Chen Shao Mei|||||(Chinese, 1839 - 1896)|||||Depicting two mountain landscapes with scholars|||||Lot 1024 - Eldred's Auctioneers, East Dennis (December 03, 2015)|||||Asian Arts Auction (Sale )||||||||||Estimate: $ 800 - 1,000 USD|||||Materials: paintings on paper Measurements: 37.00 in. (93.98 cm.) (height) by 7.50 in. (19.05 cm.) (width) Size Notes: each Description: two works Condition: mounted together
6102235|||||Yao Lu Qi|||||(Chinese, )|||||Depicting a crane and marsh grasses|||||Lot 1025 - Eldred's Auctioneers, East Dennis (December 03, 2015)|||||Asian Arts Auction (Sale )||||||||||Estimate: $ 400 - 600 USD|||||Materials: painting on paper Measurements: 40.00 in. (101.60 cm.) (height) by 13.25 in. (33.66 cm.) (width) Markings: signed and with seal
6102236|||||Alberto Martini|||||(Italian, 1876 - 1954)|||||Edgar Allan Poe|||||Lot 117 - Casa d'Aste Pandolfini, Florence (November 18, 2015)|||||Stampe e Disegni (Sale )||||||||||Estimate:  2,000 - 2,500 EUR|||||Materials: pen and India ink on light brown cardboard Measurements: 12.20 in. (31.00 cm.) (height) by 8.15 in. (20.70 cm.) (width) Size Notes: sheet: 363 x 253 mm Description: frontispiece for Poe's work Markings: signed twice with pen nad pencil, l.r.; titled with pen, l.c.
6102237|||||Attributed to   Shan Shou|||||(Chinese, 20th C)|||||Depicting a woman beneath a willow tree|||||Lot 1146 - Eldred's Auctioneers, East Dennis (December 03, 2015)|||||Asian Arts Auction (Sale )||||||||||Estimate: $ 800 - 1,200 USD|||||Materials: painting on paper Measurements: 42.25 in. (107.32 cm.) (height) by 19.25 in. (48.89 cm.) (width)
6102238|||||Giorgio Morandi|||||(Italian, 1890 - 1964)|||||Paesaggio di Grizzana|||||Lot 118 - Casa d'Aste Pandolfini, Florence (November 18, 2015)|||||Stampe e Disegni (Sale )||||||||||Estimate:  6,000 - 7,000 EUR|||||Materials: copper etching Measurements: 11.69 in. (29.70 cm.) (height) by 9.45 in. (24.00 cm.) (width) Size Notes: sheet: 515 x 353 mm Edition: 21/60 Description: 1/2 states Markings: signed, dated '1932', and numbered '21/60' with pencil; dry stamped 'Libreria Prandi di Reggio Emilia', l.r. Condition: fine with wide margins; toning
6102239|||||Zhou Yuanshi|||||(Chinese, early 20th C)|||||Depicting scholars and children in a garden setting.|||||Lot 1149 - Eldred's Auctioneers, East Dennis (December 03, 2015)|||||Asian Arts Auction (Sale )||||||||||Estimate: $ 1,000 - 1,500 USD|||||Materials: painting on silk Measurements: 13.50 in. (34.29 cm.) (height) by 21.75 in. (55.25 cm.) (width) Markings: signed and with seal
6102240|||||Qian Du|||||(Chinese, 1763 - 1844)|||||Depicting mythological figures in a mountain landscape with pavilions|||||Lot 1151 - Eldred's Auctioneers, East Dennis (December 03, 2015)|||||Asian Arts Auction (Sale )||||||||||Estimate: $ 1,000 - 1,500 USD|||||Materials: painting on silk Measurements: 59.50 in. (151.13 cm.) (height) by 31.30 in. (79.50 cm.) (width) Markings: signed and with seal mark 'Qian Shu Mei'
6102241|||||Xijiang Wang|||||(Chinese, 20th C)|||||Depicting two ladies|||||Lot 1153 - Eldred's Auctioneers, East Dennis (December 03, 2015)|||||Asian Arts Auction (Sale )||||||||||Estimate: $ 1,000 - 1,500 USD|||||Materials: painting on paper Measurements: 53.75 in. (136.52 cm.) (height) by 27.00 in. (68.58 cm.) (width) Markings: with cursive calligraphy
6102242|||||Attributed to   Zhang Daqian|||||(Chinese, 1899 - 1983)|||||Depicting a woman with two geese|||||Lot 1154 - Eldred's Auctioneers, East Dennis (December 03, 2015)|||||Asian Arts Auction (Sale )||||||||||Estimate: $ 4,000 - 6,000 USD|||||Materials: painting on paper Measurements: 45.25 in. (114.93 cm.) (height) by 25.00 in. (63.50 cm.) (width)
6102243|||||Attributed to   Wenxi Liu|||||(Chinese, 20th C)|||||Depicting an elderly bearded man|||||Lot 1155 - Eldred's Auctioneers, East Dennis (December 03, 2015)|||||Asian Arts Auction (Sale )||||||||||Estimate: $ 700 - 900 USD|||||Materials: painting on paper Measurements: 17.70 in. (44.96 cm.) (height) by 15.60 in. (39.62 cm.) (width)
6102244|||||Giorgio Morandi|||||(Italian, 1890 - 1964)|||||Grande natura morta con la lampada a destra|||||Lot 119 - Casa d'Aste Pandolfini, Florence (November 18, 2015)|||||Stampe e Disegni (Sale )||||||||||Estimate:  27,000 - 35,000 EUR|||||Materials: copper etching on Japon paper Measurements: 10.00 in. (25.40 cm.) (height) by 13.58 in. (34.50 cm.) (width) Size Notes: sheet: 490 x 647 mm Edition: edition of 3 HCs + 75 Description: Grafica Nova di Milano for Lamberto Vitali; 8/8 states Markings: signed with pencil and dry stamped 'Libreria Prandi di Reggio Emilia', l.r.; inscribed 'h.c.', l.l.; inscribed with pencil 'Morandi deposito', bottom margin Condition: fine with rich inking and wide margins
6102245|||||Henry Moore|||||(British, 1898 - 1986)|||||Reclining figure|||||Lot 120 - Casa d'Aste Pandolfini, Florence (November 18, 2015)|||||Stampe e Disegni (Sale )||||||||||Estimate:  3,500 - 4,500 EUR|||||Materials: black pencil and watercolor on light brown paper Measurements: 11.81 in. (30.00 cm.) (height) by 15.35 in. (39.00 cm.) (width) Markings: signed and dated '32' with pencil, l.r.; 2 Basil gallery labels 'Beyeler', mount verso
6102246|||||Laurence Stephen Lowry|||||(British, 1887 - 1976)|||||Street scene|||||Lot 94 - Rogers Jones & Co., Colwyn Bay (December 01, 2015)|||||Antiques & Fine Art||||||||||Estimate:  300 - 400 GBP|||||Materials: colored gulid stamped print Measurements: 10.63 in. (27.00 cm.) (height) by 8.27 in. (21.00 cm.) (width) Markings: signed in pencil
6102247|||||Laurence Stephen Lowry|||||(British, 1887 - 1976)|||||The Family|||||Lot 95 - Rogers Jones & Co., Colwyn Bay (December 01, 2015)|||||Antiques & Fine Art||||||||||Estimate:  400 - 600 GBP|||||Materials: colored guild stamped print Measurements: 11.02 in. (28.00 cm.) (height) by 8.86 in. (22.50 cm.) (width) Markings: signed in pen
6102248|||||Laurence Stephen Lowry|||||(British, 1887 - 1976)|||||Three men and a cat|||||Lot 93 - Rogers Jones & Co., Colwyn Bay (December 01, 2015)|||||Antiques & Fine Art||||||||||Estimate:  500 - 800 GBP|||||Materials: colored guild stamped print Measurements: 10.63 in. (27.00 cm.) (height) by 6.89 in. (17.50 cm.) (width) Markings: signed in pen; with Unicorn Gallery Ltd, Wilmslow label verso
6102249|||||Lorenzo Viani|||||(Italian, 1882 - 1936)|||||Madre e figlio|||||Lot 121 - Casa d'Aste Pandolfini, Florence (November 18, 2015)|||||Stampe e Disegni (Sale )||||||||||Estimate:  3,500 - 4,500 EUR|||||Materials: black chalk, white tempera, and green pastel on board Measurements: 33.15 in. (84.20 cm.) (height) by 24.80 in. (63.00 cm.) (width) Condition: framed
6102250|||||Laurence Stephen Lowry|||||(British, 1887 - 1976)|||||The Fever Van|||||Lot 96 - Rogers Jones & Co., Colwyn Bay (December 01, 2015)|||||Antiques & Fine Art||||||||||Estimate:  500 - 700 GBP|||||Materials: colored guild stamped print Measurements: 16.93 in. (43.00 cm.) (height) by 20.87 in. (53.00 cm.) (width) Markings: signed in pen
6102251|||||David Cox Sr.|||||(British, 1783 - 1859)|||||Rydal Water|||||Lot 107 - Rogers Jones & Co., Colwyn Bay (December 01, 2015)|||||Antiques & Fine Art||||||||||Estimate:  200 - 300 GBP|||||Materials: watercolor Measurements: 9.45 in. (24.00 cm.) (height) by 14.76 in. (37.50 cm.) (width) Markings: signed and titled 'Rydal Water' on  A J Mucklow & Son, Fine Art Dealers, Leicester Square, London label verso
6102252|||||David Cox Sr.|||||(British, 1783 - 1859)|||||Rustic scene with farm buildings and two figures seated by a track|||||Lot 108 - Rogers Jones & Co., Colwyn Bay (December 01, 2015)|||||Antiques & Fine Art||||||||||Estimate:  200 - 300 GBP|||||Materials: watercolor Measurements: 13.78 in. (35.00 cm.) (height) by 19.69 in. (50.00 cm.) (width) Markings: signed and dated '1859'
6102253|||||John Northcote Nash|||||(British, 1893 - 1977)|||||Still life study of wild flowers|||||Lot 129 - Rogers Jones & Co., Colwyn Bay (December 01, 2015)|||||Antiques & Fine Art||||||||||Estimate:  400 - 600 GBP|||||Materials: watercolor Measurements: 13.39 in. (34.00 cm.) (height) by 11.02 in. (28.00 cm.) (width) Description: oval Markings: signed
6102254|||||Diana Armfield|||||(British, 1920)|||||Olives in a Spanish landscape|||||Lot 136 - Rogers Jones & Co., Colwyn Bay (December 01, 2015)|||||Antiques & Fine Art||||||||||Estimate:  500 - 600 GBP|||||Materials: oil on board Measurements: 7.68 in. (19.50 cm.) (height) by 7.28 in. (18.50 cm.) (width) Markings: initialled; titled on label verso
6102255|||||Eugene Atget|||||(French, 1857 - 1927)|||||R Galande|||||Lot 1 - Yann Le Mouel Sarl, Paris (November 10, 2015)|||||Photographies (Sale )||||||||||Estimate:  2,500 - 3,500 EUR|||||Materials: albumen print Measurements: 8.78 in. (22.30 cm.) (height) by 7.01 in. (17.80 cm.) (width) Markings: penciled title and no. '3578' by photographer, print verso
6102256|||||Eugene Atget|||||(French, 1857 - 1927)|||||R de l'Ecole de MAdecine|||||Lot 2 - Yann Le Mouel Sarl, Paris (November 10, 2015)|||||Photographies (Sale )||||||||||Estimate:  1,500 - 2,500 EUR|||||Materials: albumen print Measurements: 8.62 in. (21.90 cm.) (height) by 6.93 in. (17.60 cm.) (width) Markings: penciled caption and no. '3717' by photographer, print verso
6102257|||||Eugene Atget|||||(French, 1857 - 1927)|||||Rue Galande|||||Lot 3 - Yann Le Mouel Sarl, Paris (November 10, 2015)|||||Photographies (Sale )||||||||||Estimate:  2,000 - 3,000 EUR|||||Materials: albumen print Measurements: 8.74 in. (22.20 cm.) (height) by 7.01 in. (17.80 cm.) (width) Markings: penciled caption and no. '3676' by photographer, print verso
6102258|||||Eugene Atget|||||(French, 1857 - 1927)|||||Au Griffon - R de Buci 10|||||Lot 4 - Yann Le Mouel Sarl, Paris (November 10, 2015)|||||Photographies (Sale )||||||||||Estimate:  3,000 - 5,000 EUR|||||Materials: albumen print Measurements: 8.39 in. (21.30 cm.) (height) by 6.97 in. (17.70 cm.) (width) Markings: penciled caption and no. '4098' by photographer, print verso
6102259|||||Eugene Atget|||||(French, 1857 - 1927)|||||R FArou|||||Lot 5 - Yann Le Mouel Sarl, Paris (November 10, 2015)|||||Photographies (Sale )||||||||||Estimate:  1,000 - 2,000 EUR|||||Materials: albumen print Measurements: 8.54 in. (21.70 cm.) (height) by 6.89 in. (17.50 cm.) (width) Markings: penciled caption and no. '3552' by photographer, print verso
6102260|||||Ruytchi Souzouki|||||(Japanese, 1902 - 1985)|||||NoeI saappreIte aI repeupler le monde|||||Lot 185 - De Baecque & Associes, Paris (December 01, 2015)|||||Regards sur le XXe SiA cle # 10 (Sale )||||||||||Estimate:  200 - 300 EUR|||||Materials: oil on canvas Measurements: 8.66 in. (22.00 cm.) (height) by 14.57 in. (37.00 cm.) (width) Markings: signed l.r.; titled on frame; numbered 25, dated and signed verso Condition: framed
6102261|||||Mihail Chemiakin|||||(Russian, 1943)|||||Sans titres|||||Lot 186 - De Baecque & Associes, Paris (December 01, 2015)|||||Regards sur le XXe SiA cle # 10 (Sale )||||||||||Estimate:  800 - 1,200 EUR|||||Materials: watercolor and ink on paper Measurements: 11.81 in. (30.00 cm.) (height) by 9.25 in. (23.50 cm.) (width) Size Notes: sight Markings: signed and dated in pencil u.r., annotated '75 M.W.' in ink l.l.
6102262|||||Kwan Nam|||||(1911 - 1990)|||||Composition|||||Lot 187 - De Baecque & Associes, Paris (December 01, 2015)|||||Regards sur le XXe SiA cle # 10 (Sale )||||||||||Estimate:  1,000 - 1,500 EUR|||||Materials: gouache on black paper Measurements: 10.04 in. (25.50 cm.) (height) by 6.10 in. (15.50 cm.) (width) Markings: signed l.c.; signed in Korean and dated verso Condition: fold at bottom
6102263|||||Hugh Weiss|||||(American, 1925 - 2007)|||||Autoportrait en chat|||||Lot 188 - De Baecque & Associes, Paris (December 01, 2015)|||||Regards sur le XXe SiA cle # 10 (Sale )||||||||||Estimate:  200 - 300 EUR|||||Materials: pastel on paper Measurements: 28.35 in. (72.00 cm.) (height) by 19.69 in. (50.00 cm.) (width) Markings: signed and dated l.r.
6102264|||||Enrich Nicolaus|||||(Austrian, 1955)|||||Eile mit Weile|||||Lot 189 - De Baecque & Associes, Paris (December 01, 2015)|||||Regards sur le XXe SiA cle # 10 (Sale )||||||||||Estimate:  500 - 700 EUR|||||Materials: mixed media on canvas Measurements: 33.07 in. (84.00 cm.) (height) by 22.83 in. (58.00 cm.) (width) Markings: signed u.l., titled at top, dated u.r.
6102265|||||Enrich Nicolaus|||||(Austrian, 1955)|||||The permanent crisis|||||Lot 190 - De Baecque & Associes, Paris (December 01, 2015)|||||Regards sur le XXe SiA cle # 10 (Sale )||||||||||Estimate:  400 - 600 EUR|||||Materials: mixed media on canvas laid on panel Measurements: 21.06 in. (53.50 cm.) (height) by 27.56 in. (70.00 cm.) (width) Markings: signed and dated u.c., titled at top
6102266|||||Atilla Biro|||||(1931 - 1987)|||||Laoiseau cacheI des jardins|||||Lot 191 - De Baecque & Associes, Paris (December 01, 2015)|||||Regards sur le XXe SiA cle # 10 (Sale )||||||||||Estimate:  400 - 600 EUR|||||Materials: oil on canvas Measurements: 35.04 in. (89.00 cm.) (height) by 45.67 in. (116.00 cm.) (width) Markings: signed and dated l.r.; signed, dated, titled and located verso
6102267|||||Bengt Lindstrom|||||(Swedish, 1925 - 2008)|||||Sans titre|||||Lot 193 - De Baecque & Associes, Paris (December 01, 2015)|||||Regards sur le XXe SiA cle # 10 (Sale )||||||||||Estimate:  700 - 1,000 EUR|||||Materials: carborundum etching laid on canvas Measurements: 39.37 in. (100.00 cm.) (height) by 31.89 in. (81.00 cm.) (width) Edition: 2/3 Markings: numbered 2/3, dedicated and signed l.r. Condition: very minor tear
6102268|||||Bengt Lindstrom|||||(Swedish, 1925 - 2008)|||||Composition|||||Lot 194 - De Baecque & Associes, Paris (December 01, 2015)|||||Regards sur le XXe SiA cle # 10 (Sale )||||||||||Estimate:  700 - 1,000 EUR|||||Materials: carborundum etching laid on canvas Measurements: 46.06 in. (117.00 cm.) (height) by 35.04 in. (89.00 cm.) (width) Edition: 3/6 Markings: numbered 3/6 l.l., signed l.r.
6102269|||||Bengt Lindstrom|||||(Swedish, 1925 - 2008)|||||Sans titre|||||Lot 195 - De Baecque & Associes, Paris (December 01, 2015)|||||Regards sur le XXe SiA cle # 10 (Sale )||||||||||Estimate:  200 - 300 EUR|||||Materials: color lithograph Measurements: 26.18 in. (66.50 cm.) (height) by 20.47 in. (52.00 cm.) (width) Edition: 96/125 Markings: numbered 96/125 l.l., signed in pencil l.r.
6102270|||||Bengt Lindstrom|||||(Swedish, 1925 - 2008)|||||Dieu aI la teIte rouge|||||Lot 196 - De Baecque & Associes, Paris (December 01, 2015)|||||Regards sur le XXe SiA cle # 10 (Sale )||||||||||Estimate:  3,000 - 3,500 EUR|||||Materials: oil on canvas Measurements: 25.59 in. (65.00 cm.) (height) by 21.26 in. (54.00 cm.) (width) Markings: signed l.l.
6102271|||||Bengt Lindstrom|||||(Swedish, 1925 - 2008)|||||Le philosophe|||||Lot 197 - De Baecque & Associes, Paris (December 01, 2015)|||||Regards sur le XXe SiA cle # 10 (Sale )||||||||||Estimate:  2,500 - 3,000 EUR|||||Materials: acrylic on paper Measurements: 41.54 in. (105.50 cm.) (height) by 28.94 in. (73.50 cm.) (width) Markings: signed l.r.
6102272|||||Bengt Lindstrom|||||(Swedish, 1925 - 2008)|||||La chamane|||||Lot 198 - De Baecque & Associes, Paris (December 01, 2015)|||||Regards sur le XXe SiA cle # 10 (Sale )||||||||||Estimate:  2,500 - 3,000 EUR|||||Materials: acrylic on paper Measurements: 41.34 in. (105.00 cm.) (height) by 28.74 in. (73.00 cm.) (width) Markings: signed l.c.
6102273|||||Yvon Taillandier|||||(French, 1926)|||||Sans titre|||||Lot 199 - De Baecque & Associes, Paris (December 01, 2015)|||||Regards sur le XXe SiA cle # 10 (Sale )||||||||||Estimate:  400 - 600 EUR|||||Materials: acrylic on canvas Measurements: 25.59 in. (65.00 cm.) (height) by 19.69 in. (50.00 cm.) (width) Markings: signed and dated at center; collection stamp verso on stretcher
6102274|||||Philippe Tykozinsky|||||(1963)|||||Mademoiselle Fafa sur son droIle daoiseau volant|||||Lot 200 - De Baecque & Associes, Paris (December 01, 2015)|||||Regards sur le XXe SiA cle # 10 (Sale )||||||||||Estimate:  300 - 400 EUR|||||Materials: acrylic on canvas Measurements: 39.37 in. (100.00 cm.) (height) by 28.74 in. (73.00 cm.) (width) Markings: signed l.r.; titled, dated and signed verso
6102275|||||Philippe Tykozinsky|||||(1963)|||||Sans titre|||||Lot 201 - De Baecque & Associes, Paris (December 01, 2015)|||||Regards sur le XXe SiA cle # 10 (Sale )||||||||||Estimate:  200 - 300 EUR|||||Materials: acrylic on canvas Measurements: 36.22 in. (92.00 cm.) (height) by 28.74 in. (73.00 cm.) (width) Markings: signed l.r.
6102276|||||Robert Combas|||||(French, 1957)|||||Gladiateur au masque de fer|||||Lot 202 - De Baecque & Associes, Paris (December 01, 2015)|||||Regards sur le XXe SiA cle # 10 (Sale )||||||||||Estimate:  4,000 - 6,000 EUR|||||Materials: mixed media, acrylic, collage and glitter Measurements: 15.16 in. (38.50 cm.) (height) by 24.41 in. (62.00 cm.) (width) Markings: signed two times l.r.; text by artist on canvas verso 'Avec casque Allemand de la dernieIre guerre, gladiateur aI masque de fer, contre Ange de laenfer contre Africain EXTERMINATOR saexprimat en AmeIricain tout en se laissant aller aI penser a Angela Davis. Anguirladement daensemble, pot pourri de jaune paillette et une penseIe pour le geIneIral Lafayette. Tous les habits proviennent des Galleries FARFOUILLETTES. Combas 2001 et des poussieIrettes.'
6102277|||||Thomas Shotter Boys|||||(British, 1803 - 1874)|||||Coast Scene, Trouville, Normandy; Coast Scene, Havre|||||Lot 141 - Rogers Jones & Co., Colwyn Bay (December 01, 2015)|||||Antiques & Fine Art||||||||||Estimate:  7,000 - 10,000 GBP|||||Materials: oil on board Measurements: 7.68 in. (19.50 cm.) (height) by 9.65 in. (24.50 cm.) (width) Size Notes: (1); 19.5 x 24.5 cm (2) Description: two works Markings: signed and dated '1830'; titled on original label verso 'Coast Scene, Trouville, Normandy' (1); signed and unclearly dated '18...'; titled on label verso 'Coast Scene, Havre'
6102278|||||Elio Vilva Trujillo|||||(Cuban, 1957)|||||Olokun|||||Lot 203 - De Baecque & Associes, Paris (December 01, 2015)|||||Regards sur le XXe SiA cle # 10 (Sale )||||||||||Estimate:  400 - 600 EUR|||||Materials: acrylic on canvas Measurements: 24.80 in. (63.00 cm.) (height) by 19.69 in. (50.00 cm.) (width) Markings: signed and dated 14 c.r.; titled l.l. and long annotation verso
6102279|||||Arthur Hayward|||||(British, 1889 - 1971)|||||Harbour scene with numerous boats and fluffy clouds,|||||Lot 156 - Rogers Jones & Co., Colwyn Bay (December 01, 2015)|||||Antiques & Fine Art||||||||||Estimate:  700 - 900 GBP|||||Materials: oil on board Measurements: 11.22 in. (28.50 cm.) (height) by 15.35 in. (39.00 cm.) (width) Markings: signed
6102280|||||Elio Vilva Trujillo|||||(Cuban, 1957)|||||Obatala|||||Lot 204 - De Baecque & Associes, Paris (December 01, 2015)|||||Regards sur le XXe SiA cle # 10 (Sale )||||||||||Estimate:  400 - 600 EUR|||||Materials: acrylic on canvas Measurements: 24.80 in. (63.00 cm.) (height) by 19.49 in. (49.50 cm.) (width) Markings: signed and dated 15 u.r., titled l.l.
6102281|||||Arthur Hayward|||||(British, 1889 - 1971)|||||Still life|||||Lot 157 - Rogers Jones & Co., Colwyn Bay (December 01, 2015)|||||Antiques & Fine Art||||||||||Estimate:  400 - 600 GBP|||||Materials: oil on board Measurements: 15.35 in. (39.00 cm.) (height) by 11.42 in. (29.00 cm.) (width) Markings: signed
6102282|||||Mario Murua|||||(Chilean, 1952)|||||Composition au sphinx|||||Lot 205 - De Baecque & Associes, Paris (December 01, 2015)|||||Regards sur le XXe SiA cle # 10 (Sale )||||||||||Estimate:  200 - 300 EUR|||||Materials: acrylic on canvas Measurements: 28.74 in. (73.00 cm.) (height) by 23.82 in. (60.50 cm.) (width) Markings: signed and dated l.r.
6102283|||||Victor Ulloa|||||(Dominican, 1960)|||||Ma maison|||||Lot 206 - De Baecque & Associes, Paris (December 01, 2015)|||||Regards sur le XXe SiA cle # 10 (Sale )||||||||||Estimate:  400 - 600 EUR|||||Materials: oil on canvas Measurements: 45.67 in. (116.00 cm.) (height) by 35.04 in. (89.00 cm.) (width)
6102284|||||Saul Kaminer|||||(Mexican, 1952)|||||Sans titre|||||Lot 207 - De Baecque & Associes, Paris (December 01, 2015)|||||Regards sur le XXe SiA cle # 10 (Sale )||||||||||Estimate:  300 - 400 EUR|||||Materials: mixed media on cut panel Measurements: 15.75 in. (40.00 cm.) (height) by 12.20 in. (31.00 cm.) (width) Markings: signed and dated l.r.
6102285|||||Arthur Hayward|||||(British, 1889 - 1971)|||||Still life|||||Lot 158 - Rogers Jones & Co., Colwyn Bay (December 01, 2015)|||||Antiques & Fine Art||||||||||Estimate:  400 - 600 GBP|||||Materials: oil on board Measurements: 11.42 in. (29.00 cm.) (height) by 15.35 in. (39.00 cm.) (width) Markings: signed; titled and inscribed with artiist's address on label verso
6102286|||||Arthur Hayward|||||(British, 1889 - 1971)|||||Village rooftop scene bordering an orchard|||||Lot 159 - Rogers Jones & Co., Colwyn Bay (December 01, 2015)|||||Antiques & Fine Art||||||||||Estimate:  700 - 900 GBP|||||Materials: oil on board Measurements: 9.84 in. (25.00 cm.) (height) by 12.99 in. (33.00 cm.) (width) Markings: signed
6102287|||||Radhames Mejia|||||(1960)|||||Taxidermie|||||Lot 208 - De Baecque & Associes, Paris (December 01, 2015)|||||Regards sur le XXe SiA cle # 10 (Sale )||||||||||Estimate:  300 - 500 EUR|||||Materials: acrylic on paper laid on canvas Measurements: 45.67 in. (116.00 cm.) (height) by 35.04 in. (89.00 cm.) (width)
6102288|||||Arthur Hayward|||||(British, 1889 - 1971)|||||Treescape|||||Lot 160 - Rogers Jones & Co., Colwyn Bay (December 01, 2015)|||||Antiques & Fine Art||||||||||Estimate:  600 - 800 GBP|||||Materials: oil on canvas Measurements: 12.20 in. (31.00 cm.) (height) by 11.42 in. (29.00 cm.) (width) Markings: signed
6102289|||||Jose Garcia Cordero|||||(Dominican, 1951)|||||InteIrieur au cheval|||||Lot 209 - De Baecque & Associes, Paris (December 01, 2015)|||||Regards sur le XXe SiA cle # 10 (Sale )||||||||||Estimate:  200 - 300 EUR|||||Materials: mixed media, oil and lead pencil Measurements: 9.45 in. (24.00 cm.) (height) by 12.99 in. (33.00 cm.) (width) Markings: signed and dated l.r.
6102290|||||Arthur Hayward|||||(British, 1889 - 1971)|||||Peaceful farmstead with truck on a lane|||||Lot 161 - Rogers Jones & Co., Colwyn Bay (December 01, 2015)|||||Antiques & Fine Art||||||||||Estimate:  600 - 800 GBP|||||Materials: oil on board Measurements: 11.42 in. (29.00 cm.) (height) by 15.35 in. (39.00 cm.) (width) Markings: signed
6102291|||||Albert Dunington|||||(British, 1860 - 1928)|||||Scottish scene of Loch Long with group of Highland Cattle by a tree|||||Lot 162 - Rogers Jones & Co., Colwyn Bay (December 01, 2015)|||||Antiques & Fine Art||||||||||Estimate:  300 - 400 GBP|||||Materials: oil on canvas Measurements: 9.45 in. (24.00 cm.) (height) by 13.39 in. (34.00 cm.) (width) Markings: signed and titled on canvas verso
6102292|||||Moke|||||(Congolese, 1950 - 2001)|||||InteIrieur aux enfants endormis|||||Lot 211 - De Baecque & Associes, Paris (December 01, 2015)|||||Regards sur le XXe SiA cle # 10 (Sale )||||||||||Estimate:  2,500 - 4,000 EUR|||||Materials: oil on canvas Measurements: 57.87 in. (147.00 cm.) (height) by 75.98 in. (193.00 cm.) (width) Markings: signed, dated and located 'RDC' Condition: slight depressions
6102293|||||Henry Robinson Hall|||||(British, fl. 1875-1902)|||||Highland Cattle, River Glass, Inverness-shire|||||Lot 166 - Rogers Jones & Co., Colwyn Bay (December 01, 2015)|||||Antiques & Fine Art||||||||||Estimate:  400 - 600 GBP|||||Materials: oil on canvas Measurements: 19.29 in. (49.00 cm.) (height) by 29.53 in. (75.00 cm.) (width) Markings: signed and titled 'Highland Cattle, River Glass, Inverness-shire' on canvas verso
6102294|||||Ange Kumbi|||||(20th/21st C)|||||Calvaire d'un polygame|||||Lot 212 - De Baecque & Associes, Paris (December 01, 2015)|||||Regards sur le XXe SiA cle # 10 (Sale )||||||||||Estimate:  500 - 700 EUR|||||Materials: oil on canvas Measurements: 38.98 in. (99.00 cm.) (height) by 49.21 in. (125.00 cm.) (width) Markings: titled at top, signed l.r.
6102295|||||Sam Bough|||||(British, 1822 - 1878)|||||Highland Loch scene with cottage and figures and pony near a quayside|||||Lot 167 - Rogers Jones & Co., Colwyn Bay (December 01, 2015)|||||Antiques & Fine Art||||||||||Estimate:  200 - 300 GBP|||||Materials: oil on canvas Measurements: 15.75 in. (40.00 cm.) (height) by 23.23 in. (59.00 cm.) (width)
6102296|||||Herje Makuzagi|||||(20th/21st C)|||||LahygieIne bafoueIe|||||Lot 213 - De Baecque & Associes, Paris (December 01, 2015)|||||Regards sur le XXe SiA cle # 10 (Sale )||||||||||Estimate:  2,000 - 3,000 EUR|||||Materials: oil on canvas Measurements: 54.72 in. (139.00 cm.) (height) by 82.68 in. (210.00 cm.) (width) Markings: titled u.l., signed and dated l.r. Condition: unstretched canvas
6102297|||||Monsengo Shula|||||(1959)|||||Atelier qui vit|||||Lot 214 - De Baecque & Associes, Paris (December 01, 2015)|||||Regards sur le XXe SiA cle # 10 (Sale )||||||||||Estimate:  3,000 - 4,000 EUR|||||Materials: oil on canvas Measurements: 58.27 in. (148.00 cm.) (height) by 85.04 in. (216.00 cm.) (width) Markings: titled u.l., signed and dated l.r.
6102298|||||Cristoforo Vicari|||||(Swiss, 1846 - 1913)|||||Lesendes MAdchen|||||Lot 850 - Bolland & Marotz, Bremen (November 21, 2015)|||||JubilAumsauktion (Sale 157)||||||||||Estimate:  500 EUR|||||Materials: alabaster Measurements: 18.50 in. (47.00 cm.) (height) Markings: inscribed l.r. on edge of base; dedicated on plate attached to edge of base Condition: damaged; restored
6102299|||||Cheri Samba|||||(Zairean, 1956)|||||Les complices de la miseIre de laAfrique|||||Lot 215 - De Baecque & Associes, Paris (December 01, 2015)|||||Regards sur le XXe SiA cle # 10 (Sale )||||||||||Estimate:  12,000 - 15,000 EUR|||||Materials: oil on canvas Measurements: 54.33 in. (138.00 cm.) (height) by 71.26 in. (181.00 cm.) (width) Description: June 2001 Markings: titled at top, signed and dated l.r. Condition: scratch
6102300|||||Cheri Cherin|||||(Congolese, 1955)|||||Lutte pour la survie|||||Lot 216 - De Baecque & Associes, Paris (December 01, 2015)|||||Regards sur le XXe SiA cle # 10 (Sale )||||||||||Estimate:  3,000 - 4,000 EUR|||||Materials: oil on canvas Measurements: 54.72 in. (139.00 cm.) (height) by 74.02 in. (188.00 cm.) (width) Markings: titled at top, signed and dated l.r. Condition: unstretched canvas
6102301|||||Alfred Drury|||||(British, 1856 - 1944)|||||Age of Innocence (wohl PortrAtkopf der Gracie Doncaster)|||||Lot 851 - Bolland & Marotz, Bremen (November 21, 2015)|||||JubilAumsauktion (Sale 157)||||||||||Estimate:  650 EUR|||||Materials: bronze with patina Measurements: 15.94 in. (40.50 cm.) (height) Size Notes: with base: 55.5 cm Markings: inscribed and dated '97' verso Condition: on gren-grey marble base (slightly damaged)
6102302|||||Bodo|||||(Congolese, 1953)|||||Paysage fantastique animeI|||||Lot 217 - De Baecque & Associes, Paris (December 01, 2015)|||||Regards sur le XXe SiA cle # 10 (Sale )||||||||||Estimate:  3,000 - 4,000 EUR|||||Materials: oil on canvas Measurements: 54.33 in. (138.00 cm.) (height) by 77.56 in. (197.00 cm.) (width) Markings: signed and dated l.r. Condition: craquelure
6102303|||||Ursula Querner|||||(German, 1921 - 1969)|||||Madonna mit Kind, BA14ste|||||Lot 852 - Bolland & Marotz, Bremen (November 21, 2015)|||||JubilAumsauktion (Sale 157)||||||||||Estimate:  150 EUR|||||Materials: wood Measurements: 13.19 in. (33.50 cm.) (height) Markings: titled, inscribed and dated '1943' verso Condition: cracks
6102304|||||Monsengo Shula|||||(1959)|||||Rond point victoire|||||Lot 218 - De Baecque & Associes, Paris (December 01, 2015)|||||Regards sur le XXe SiA cle # 10 (Sale )||||||||||Estimate:  2,000 - 3,000 EUR|||||Materials: oil on canvas and collage Measurements: 39.76 in. (101.00 cm.) (height) by 48.82 in. (124.00 cm.) (width) Markings: titled u.l., signed and dated l.r.
6102305|||||Moke|||||(Congolese, 1950 - 2001)|||||Le cadenas|||||Lot 219 - De Baecque & Associes, Paris (December 01, 2015)|||||Regards sur le XXe SiA cle # 10 (Sale )||||||||||Estimate:  5,000 - 7,000 EUR|||||Materials: oil on canvas Measurements: 64.57 in. (164.00 cm.) (height) by 49.21 in. (125.00 cm.) (width) Markings: signed, dated and located 'RDC' Condition: craquelure
6102306|||||Bodo|||||(Congolese, 1953)|||||Toilette envouIteIe - Delila|||||Lot 220 - De Baecque & Associes, Paris (December 01, 2015)|||||Regards sur le XXe SiA cle # 10 (Sale )||||||||||Estimate:  600 - 800 EUR|||||Materials: oil on canvas Measurements: 20.47 in. (52.00 cm.) (height) by 55.91 in. (142.00 cm.) (width) Markings: titled on painting, signed and dated l.r.
6102307|||||Waldemar Otto|||||(Polish, 1929)|||||Vielleicht Apoll|||||Lot 855 - Bolland & Marotz, Bremen (November 21, 2015)|||||JubilAumsauktion (Sale 157)||||||||||Estimate:  800 EUR|||||Materials: bronze with patina Measurements: 9.53 in. (24.20 cm.) (height) Size Notes: without base; base height: 13.5 Edition: 5/12 Markings: with artist monogramm and numbered '5/12' on right leg verso
6102308|||||Waldemar Otto|||||(Polish, 1929)|||||Torso einer Frau|||||Lot 856 - Bolland & Marotz, Bremen (November 21, 2015)|||||JubilAumsauktion (Sale 157)||||||||||Estimate:  700 EUR|||||Materials: bronze with patina Measurements: 14.17 in. (36.00 cm.) (height) Edition: 1/12 Markings: monogrammed, dated '5.94' and numbered '1/12' verso
6102309|||||Cheri Cherin|||||(Congolese, 1955)|||||Kermesse sauvage|||||Lot 221 - De Baecque & Associes, Paris (December 01, 2015)|||||Regards sur le XXe SiA cle # 10 (Sale )||||||||||Estimate:  2,000 - 3,000 EUR|||||Materials: oil on canvas Measurements: 23.03 in. (58.50 cm.) (height) by 37.01 in. (94.00 cm.) (width)
6102310|||||Fritz Wotruba|||||(Austrian, 1907 - 1975)|||||Kleine sitzende Figur.|||||Lot 857 - Bolland & Marotz, Bremen (November 21, 2015)|||||JubilAumsauktion (Sale 157)||||||||||Estimate:  450 EUR|||||Materials: bronze with patina Measurements: 7.87 in. (20.00 cm.) (height) by 6.69 in. (17.00 cm.) (width) by 9.84 in. (25.00 cm.) (depth) Markings: inscribed 'F Wotruba 456'; inscribed 'Art Venturi Arte' on inside (incised)
6102311|||||Somi||||||||||DiIner sauvage|||||Lot 222 - De Baecque & Associes, Paris (December 01, 2015)|||||Regards sur le XXe SiA cle # 10 (Sale )||||||||||Estimate:  500 - 700 EUR|||||Materials: oil on canvas Measurements: 31.10 in. (79.00 cm.) (height) by 38.58 in. (98.00 cm.) (width) Markings: signed and dated l.r.
6102312|||||Papa Mfumu Eto I|||||(Congolese, 1963)|||||LaeIpreuve initiatique de la marmite sacreIe|||||Lot 223 - De Baecque & Associes, Paris (December 01, 2015)|||||Regards sur le XXe SiA cle # 10 (Sale )||||||||||Estimate:  500 - 700 EUR|||||Materials: oil on canvas Measurements: 29.53 in. (75.00 cm.) (height) by 43.31 in. (110.00 cm.) (width) Description: May 2000 Markings: titled at top, signed and dated l.r.
6102313|||||Ewa Adamowicz|||||(Polish, 1953)|||||Les lutins|||||Lot 224 - De Baecque & Associes, Paris (December 01, 2015)|||||Regards sur le XXe SiA cle # 10 (Sale )||||||||||Estimate:  300 - 500 EUR|||||Materials: mixed media on panel Measurements: 26.77 in. (68.00 cm.) (height) by 19.69 in. (50.00 cm.) (width) Markings: signed l.r.
6102314|||||Maren Lipp|||||(German, 1926)|||||Sitzender Junge|||||Lot 858 - Bolland & Marotz, Bremen (November 21, 2015)|||||JubilAumsauktion (Sale 157)||||||||||Estimate:  250 EUR|||||Materials: bronze with patina Measurements: 8.86 in. (22.50 cm.) (height) Edition: 7/10 Markings: monogrammed and dated '88' verso; numbered '7/10'; with round foundry stamp from August Bischoff
6102315|||||Lionel Gabel|||||(1963)|||||La couverture kurde|||||Lot 225 - De Baecque & Associes, Paris (December 01, 2015)|||||Regards sur le XXe SiA cle # 10 (Sale )||||||||||Estimate:  200 - 300 EUR|||||Materials: oil on canvas Measurements: 31.89 in. (81.00 cm.) (height) by 39.37 in. (100.00 cm.) (width) Markings: signed and dated l.r.; numbered 66, titled, signed and dated
6102316|||||Pietro Casacella|||||(1921 - 2008)|||||EItudes pour un fontaine|||||Lot 227 - De Baecque & Associes, Paris (December 01, 2015)|||||Regards sur le XXe SiA cle # 10 (Sale )||||||||||Estimate:  400 - 600 EUR|||||Materials: charcoal heightened with colors Measurements: 17.91 in. (45.50 cm.) (height) by 24.61 in. (62.50 cm.) (width) Markings: signed and dated l.r.
6102317|||||Pietro Casacella|||||(1921 - 2008)|||||TeIte de femme|||||Lot 228 - De Baecque & Associes, Paris (December 01, 2015)|||||Regards sur le XXe SiA cle # 10 (Sale )||||||||||Estimate:  300 - 500 EUR|||||Materials: charcoal and gouache Measurements: 17.91 in. (45.50 cm.) (height) by 24.80 in. (63.00 cm.) (width) Markings: signed and dated l.r.
6102318|||||Francisco Toledo|||||(American, 1940)|||||Composition|||||Lot 229 - De Baecque & Associes, Paris (December 01, 2015)|||||Regards sur le XXe SiA cle # 10 (Sale )||||||||||Estimate:  500 - 700 EUR|||||Materials: ink Measurements: 9.45 in. (24.00 cm.) (height) by 12.40 in. (31.50 cm.) (width)
6102319|||||Erik Dietmann|||||(Swedish, 1937 - 2002)|||||TeIte-Payage|||||Lot 230 - De Baecque & Associes, Paris (December 01, 2015)|||||Regards sur le XXe SiA cle # 10 (Sale )||||||||||Estimate:  200 - 300 EUR|||||Materials: pencil on paper Measurements: 17.13 in. (43.50 cm.) (height) by 21.50 in. (54.60 cm.) (width) Markings: signed and dated l.l.
6102320|||||Ferdinand Frick|||||(British, German, 1878 - 1939)|||||Herrscherin, vor ihrem Thronsessel stehend|||||Lot 866 - Bolland & Marotz, Bremen (November 21, 2015)|||||JubilAumsauktion (Sale 157)||||||||||Estimate:  500 EUR|||||Materials: bronze with patina and marble Measurements: 21.06 in. (53.50 cm.) (height) Size Notes: figure; total height: 58.5 cm Markings: inscribed and dated '1906' verso Condition: slightly damaged
6102321|||||Arthur Lewandowski|||||(20th/21st C)|||||Accolade|||||Lot 232 - De Baecque & Associes, Paris (December 01, 2015)|||||Regards sur le XXe SiA cle # 10 (Sale )||||||||||Estimate:  200 - 300 EUR|||||Materials: charcoal Measurements: 36.22 in. (92.00 cm.) (height) by 26.77 in. (68.00 cm.) (width) Markings: signed at bottom
6102322|||||Vincent Bizien|||||(1968)|||||Lahomme sans teIte|||||Lot 233 - De Baecque & Associes, Paris (December 01, 2015)|||||Regards sur le XXe SiA cle # 10 (Sale )||||||||||Estimate:  400 - 600 EUR|||||Materials: charcoal and gouache Measurements: 44.49 in. (113.00 cm.) (height) by 35.43 in. (90.00 cm.) (width) Markings: signed and located 'Paris' verso
6102323|||||Michel Macreau|||||(French, 1935 - 1995)|||||Sans titre|||||Lot 234 - De Baecque & Associes, Paris (December 01, 2015)|||||Regards sur le XXe SiA cle # 10 (Sale )||||||||||Estimate:  800 - 1,200 EUR|||||Materials: gouache and ink Measurements: 43.70 in. (111.00 cm.) (height) by 29.72 in. (75.50 cm.) (width)
6102324|||||Martin Goetze|||||(German, 1865 - 1930)|||||Lauschende|||||Lot 868 - Bolland & Marotz, Bremen (November 21, 2015)|||||JubilAumsauktion (Sale 157)||||||||||Estimate:  1,900 EUR|||||Materials: bronze with patina Measurements: 17.13 in. (43.50 cm.) (height) Size Notes: with base: 55 cm Markings: inscribed 'GAtze' on plinth Condition: on marbled stone base
6102325|||||Jean Piaubert|||||(French, 1900 - 2002)|||||Pays natal|||||Lot 235 - De Baecque & Associes, Paris (December 01, 2015)|||||Regards sur le XXe SiA cle # 10 (Sale )||||||||||Estimate:  1,000 - 1,500 EUR|||||Materials: oil and sand on wood panel Measurements: 30.71 in. (78.00 cm.) (height) by 38.58 in. (98.00 cm.) (width) Markings: signed l.r.
6102326|||||Alain le Yaouanc|||||(French, 1940)|||||Almanach|||||Lot 236 - De Baecque & Associes, Paris (December 01, 2015)|||||Regards sur le XXe SiA cle # 10 (Sale )||||||||||Estimate:  800 - 1,200 EUR|||||Materials: mixed media on panel Measurements: 64.17 in. (163.00 cm.) (height) by 64.17 in. (163.00 cm.) (width) Markings: signed, titled and dated verso
6102327|||||Alain le Yaouanc|||||(French, 1940)|||||Sans titre|||||Lot 237 - De Baecque & Associes, Paris (December 01, 2015)|||||Regards sur le XXe SiA cle # 10 (Sale )||||||||||Estimate:  800 - 1,200 EUR|||||Materials: oil on canvas Measurements: 70.87 in. (180.00 cm.) (height) by 55.12 in. (140.00 cm.) (width)
6102328|||||Max Neumann|||||(German, 194920th C)|||||Composition au leIzard|||||Lot 238 - De Baecque & Associes, Paris (December 01, 2015)|||||Regards sur le XXe SiA cle # 10 (Sale )||||||||||Estimate:  500 - 700 EUR|||||Materials: enhanced monotype Measurements: 9.06 in. (23.00 cm.) (height) by 11.42 in. (29.00 cm.) (width) Markings: signed l.r.
6102329|||||Hans J Muller|||||(German, 1952)|||||Frau im Segment|||||Lot 869 - Bolland & Marotz, Bremen (November 21, 2015)|||||JubilAumsauktion (Sale 157)||||||||||Estimate:  900 EUR|||||Materials: bronze Measurements: 7.28 in. (18.50 cm.) (height) Edition: 5/6 Markings: monogrammed and numbered '5/6' verso
6102330|||||Jose Maria David|||||(French, 1944)|||||Loup assis|||||Lot 239 - De Baecque & Associes, Paris (December 01, 2015)|||||Regards sur le XXe SiA cle # 10 (Sale )||||||||||Estimate:  1,000 - 1,500 EUR|||||Materials: silvered bronze Measurements: 6.30 in. (16.00 cm.) (height) by 9.25 in. (23.50 cm.) (width) by 6.30 in. (16.00 cm.) (depth) Edition: AP 2/4 Markings: signed and marked 'EA 2/4', 'MAROMER' foundry mark
6102331|||||Eduardo Zamora|||||(1942)|||||Le petit cochon|||||Lot 240 - De Baecque & Associes, Paris (December 01, 2015)|||||Regards sur le XXe SiA cle # 10 (Sale )||||||||||Estimate:  400 - 600 EUR|||||Materials: oil on canvas Measurements: 11.81 in. (30.00 cm.) (height) by 11.81 in. (30.00 cm.) (width) Markings: signed and dated l.l.; signed, dated, located and titled verso
6102332|||||Jan Saudek|||||(Czech, 1935)|||||The Madoline Lesson|||||Lot 241 - De Baecque & Associes, Paris (December 01, 2015)|||||Regards sur le XXe SiA cle # 10 (Sale )||||||||||Estimate:  800 - 1,200 EUR|||||Materials: gelatin silver print Measurements: 11.42 in. (29.00 cm.) (height) by 12.80 in. (32.50 cm.) (width) Markings: signed l.l.; numbered #858, titled 'Mode Nioud - Print finished' and dated 'January 6, 1896' on mount
6102333|||||Frank Wohlfahrt|||||(French, 1942 - 2010)|||||PreIdateurs preIcaires|||||Lot 243 A - De Baecque & Associes, Paris (December 01, 2015)|||||Regards sur le XXe SiA cle # 10 (Sale )||||||||||Estimate:  250 - 300 EUR|||||Materials: watercolor Measurements: 22.05 in. (56.00 cm.) (height) by 30.31 in. (77.00 cm.) (width) Markings: signed and dated l.r.
6102334|||||Speedy Graphito|||||(French, 1961)|||||Lapinture|||||Lot 244 - De Baecque & Associes, Paris (December 01, 2015)|||||Regards sur le XXe SiA cle # 10 (Sale )||||||||||Estimate:  3,000 - 5,000 EUR|||||Materials: acrylic on canvas Measurements: 51.18 in. (130.00 cm.) (height) by 38.19 in. (97.00 cm.) (width) Markings: signed u.l.
6102335|||||Jerome Mesnager|||||(French, 1961)|||||Figure|||||Lot 246 - De Baecque & Associes, Paris (December 01, 2015)|||||Regards sur le XXe SiA cle # 10 (Sale )||||||||||Estimate:  200 - 300 EUR|||||Materials: gouache on paper Measurements: 11.02 in. (28.00 cm.) (height) by 7.28 in. (18.50 cm.) (width) Markings: signed, dated and dedicated
6102336|||||Anton Solomoukha|||||(Russian, Ukrainian, 1945)|||||Sans titre|||||Lot 247 - De Baecque & Associes, Paris (December 01, 2015)|||||Regards sur le XXe SiA cle # 10 (Sale )||||||||||Estimate:  400 - 600 EUR|||||Materials: oil on canvas Measurements: Markings: signed and dated l.r.
6102337|||||Anton Solomoukha|||||(Russian, Ukrainian, 1945)|||||KAKO|||||Lot 248 - De Baecque & Associes, Paris (December 01, 2015)|||||Regards sur le XXe SiA cle # 10 (Sale )||||||||||Estimate:  400 - 600 EUR|||||Materials: mixed media on canvas Measurements: 57.87 in. (147.00 cm.) (height) by 55.51 in. (141.00 cm.) (width)
6102338|||||Anton Solomoukha|||||(Russian, Ukrainian, 1945)|||||Composition|||||Lot 249 - De Baecque & Associes, Paris (December 01, 2015)|||||Regards sur le XXe SiA cle # 10 (Sale )||||||||||Estimate:  400 - 600 EUR|||||Materials: oil on canvas Measurements: 59.06 in. (150.00 cm.) (height) by 51.57 in. (131.00 cm.) (width) Markings: signed verso
6102339|||||Erik Dietmann|||||(Swedish, 1937 - 2002)|||||Livingstoned stoned dead|||||Lot 250 - De Baecque & Associes, Paris (December 01, 2015)|||||Regards sur le XXe SiA cle # 10 (Sale )||||||||||Estimate:  3,000 - 5,000 EUR|||||Materials: mixed media on canvas Measurements: 75.59 in. (192.00 cm.) (height) by 50.39 in. (128.00 cm.) (width) Markings: signed, located 'Courtenay' and dated verso
6102340|||||Dario Caterina|||||(Belgian, 1955)|||||L'affaire du conservateur|||||Lot 251 - De Baecque & Associes, Paris (December 01, 2015)|||||Regards sur le XXe SiA cle # 10 (Sale )||||||||||Estimate:  500 - 800 EUR|||||Materials: mixed media on board Measurements: 58.27 in. (148.00 cm.) (height) by 79.53 in. (202.00 cm.) (width) Markings: signed and dated l.l. and l.r.; signed, titled and dated verso
6102341|||||Dario Caterina|||||(Belgian, 1955)|||||Portrait dahomme devant une table|||||Lot 252 - De Baecque & Associes, Paris (December 01, 2015)|||||Regards sur le XXe SiA cle # 10 (Sale )||||||||||Estimate:  500 - 800 EUR|||||Materials: mixed media on canvas Measurements: Description: in two parts Markings: signed, dated and titled verso
6102342|||||Dario Caterina|||||(Belgian, 1955)|||||Forme et animal sans teIte|||||Lot 253 - De Baecque & Associes, Paris (December 01, 2015)|||||Regards sur le XXe SiA cle # 10 (Sale )||||||||||Estimate:  500 - 800 EUR|||||Materials: mixed media on board Measurements: 80.71 in. (205.00 cm.) (height) by 58.66 in. (149.00 cm.) (width)
6102343|||||Dario Caterina|||||(Belgian, 1955)|||||MeIre et fille|||||Lot 254 - De Baecque & Associes, Paris (December 01, 2015)|||||Regards sur le XXe SiA cle # 10 (Sale )||||||||||Estimate:  500 - 800 EUR|||||Materials: mixed media on canvas Measurements: 59.45 in. (151.00 cm.) (height) by 55.91 in. (142.00 cm.) (width) Markings: titled verso
6102344|||||Sadko|||||(Bosnian, 1945)|||||Ying et Yang|||||Lot 255 - De Baecque & Associes, Paris (December 01, 2015)|||||Regards sur le XXe SiA cle # 10 (Sale )||||||||||Estimate:  500 - 700 EUR|||||Materials: mixed media on canvas Measurements: 15.75 in. (40.00 cm.) (height) by 15.75 in. (40.00 cm.) (width) Size Notes: diameter
6102345|||||Sadko|||||(Bosnian, 1945)|||||Le deIpart|||||Lot 256 - De Baecque & Associes, Paris (December 01, 2015)|||||Regards sur le XXe SiA cle # 10 (Sale )||||||||||Estimate:  2,000 - 2,500 EUR|||||Materials: bronze Measurements: 18.11 in. (46.00 cm.) (height) by 15.75 in. (40.00 cm.) (width) by 5.91 in. (15.00 cm.) (depth) Edition: 1/1
6102346|||||Sadko|||||(Bosnian, 1945)|||||EIleIgie III|||||Lot 257 - De Baecque & Associes, Paris (December 01, 2015)|||||Regards sur le XXe SiA cle # 10 (Sale )||||||||||Estimate:  800 - 1,200 EUR|||||Materials: bronze Measurements: 12.99 in. (33.00 cm.) (height) by 12.99 in. (33.00 cm.) (width) by 3.94 in. (10.00 cm.) (depth) Edition: 4/8
6102347|||||Marc Petit|||||(French, 1961)|||||MalgreI lui|||||Lot 259 A - De Baecque & Associes, Paris (December 01, 2015)|||||Regards sur le XXe SiA cle # 10 (Sale )||||||||||Estimate:  3,000 - 4,000 EUR|||||Materials: Aubusson tapestry Measurements: 71.26 in. (181.00 cm.) (height) by 111.81 in. (284.00 cm.) (width) Edition: AP 69 Markings: signed l.l.; titled and numbered verso on Bolduc '68N27 EA 69'
6102348|||||Solomon Samsonovich Boim|||||(Russian, 1899 - 1978)|||||[Untitled]|||||Lot 12 - The Bru Sale, Brussels (December 02, 2015)|||||Tableaux Russes, Tableaux Modernes et Contemporains (Sale )||||||||||Estimate:  400 - 500 EUR|||||Materials: lithograph Measurements: 15.16 in. (38.50 cm.) (height) by 17.72 in. (45.00 cm.) (width) Description: Leningrad, Iskusstvo, 1943
6102349|||||Sergei Solomko|||||(Russian, 1859 - 1926)|||||[Untitled]|||||Lot 14 - The Bru Sale, Brussels (December 02, 2015)|||||Tableaux Russes, Tableaux Modernes et Contemporains (Sale )||||||||||Estimate:  900 - 1,000 EUR|||||Materials: watercolor on paper Measurements: 10.63 in. (27.00 cm.) (height) by 8.27 in. (21.00 cm.) (width) Markings: signed l.l.
6102350|||||Konstantin Ivanovich Gorbatoff|||||(Russian, 1876 - 1945)|||||Capri|||||Lot 15 - The Bru Sale, Brussels (December 02, 2015)|||||Tableaux Russes, Tableaux Modernes et Contemporains (Sale )||||||||||Estimate:  800 - 1,000 EUR|||||Materials: pastel on paper Measurements: 15.75 in. (40.00 cm.) (height) by 22.44 in. (57.00 cm.) (width) Markings: signed l.r.; titled 'Capri 1913' l.l.
6102351|||||Pavel Kutnetsov|||||(1878 - 1968)|||||Portrait of Tartare family|||||Lot 16 - The Bru Sale, Brussels (December 02, 2015)|||||Tableaux Russes, Tableaux Modernes et Contemporains (Sale )||||||||||Estimate:  500 - 600 EUR|||||Materials: watercolor on paper Measurements: 11.02 in. (28.00 cm.) (height) by 11.42 in. (29.00 cm.) (width) Markings: signed l.l.
6102352|||||Pavel Kutnetsov|||||(1878 - 1968)|||||Portrait of Tartare family|||||Lot 17 - The Bru Sale, Brussels (December 02, 2015)|||||Tableaux Russes, Tableaux Modernes et Contemporains (Sale )||||||||||Estimate:  500 - 600 EUR|||||Materials: watercolor on paper Measurements: 11.02 in. (28.00 cm.) (height) by 11.42 in. (29.00 cm.) (width) Markings: signed l.l.
6102353|||||Georgiy Stenberg|||||(Russian, 1900 - 1933)|||||Constructivism|||||Lot 18 - The Bru Sale, Brussels (December 02, 2015)|||||Tableaux Russes, Tableaux Modernes et Contemporains (Sale )||||||||||Estimate:  500 - 600 EUR|||||Materials: watercolor on paper Measurements: 15.75 in. (40.00 cm.) (height) by 9.65 in. (24.50 cm.) (width) Markings: monogrammed l.r.
6102354|||||Attributed to  Rosalba Carriera|||||(Italian, 1675 - 1757)|||||Portrait de Marie-Anne de Bourbon-CondeI, dite Mademoiselle de Clermont (1697-1741)|||||Lot 46 - Drouot Estimations, Paris (December 14, 2015)|||||D'Archeologie & Armes & Tableaux Anciens & Objets d'Art & Mobilier||||||||||Estimate:  5,000 - 8,000 EUR|||||Materials: pastel Measurements: 18.78 in. (47.70 cm.) (height) by 15.75 in. (40.00 cm.) (width) Condition: lined; old sculpted and gilded wood frame
6102355|||||Louis Bellanger|||||(French, 1736 - 1816)|||||Vue de la rivieIre Gotteron preIs de Fribourg|||||Lot 50 - Drouot Estimations, Paris (December 14, 2015)|||||D'Archeologie & Armes & Tableaux Anciens & Objets d'Art & Mobilier||||||||||Estimate:  2,200 - 2,500 EUR|||||Materials: gouache Measurements: 14.17 in. (36.00 cm.) (height) by 19.69 in. (50.00 cm.) (width) Markings: signed l.l. and annotated 'Louis Belanger le Romain 1798'; old annotation in pen and brown ink verso 'A Vieu on the river Gotteron near Fribourg'
6102356|||||Attributed to  Victor Jean Nicolle|||||(French, 1754 - 1826)|||||La Place Saint-Pierre de Rome|||||Lot 51 - Drouot Estimations, Paris (December 14, 2015)|||||D'Archeologie & Armes & Tableaux Anciens & Objets d'Art & Mobilier||||||||||Estimate:  500 - 700 EUR|||||Materials: graphite Measurements: 9.25 in. (23.50 cm.) (height) by 15.16 in. (38.50 cm.) (width) Markings: collection mark l.l. 'Jean-Camille James' Condition: minor pin holes
6102357|||||Attributed to  Domenico Fiasella|||||(Italian, 1589 - 1669)|||||Sainte Famille avec Saint Jean-Baptiste et laEnfant JeIsus endormi|||||Lot 54 - Drouot Estimations, Paris (December 14, 2015)|||||D'Archeologie & Armes & Tableaux Anciens & Objets d'Art & Mobilier||||||||||Estimate:  2,500 - 3,000 EUR|||||Materials: oil on canvas Measurements: 37.80 in. (96.00 cm.) (height) by 28.74 in. (73.00 cm.) (width) Condition: damages and restorations
6102358|||||Marten van Cleve|||||(Flemish, 1527 - 1581)|||||La remise des preIsents aI la marieIe : corbeilleen osier pour les nourrissons, soufflets de chemineIe, pot aI enfant, chaise et tisonnier; Le repas de noces|||||Lot 60 - Drouot Estimations, Paris (December 14, 2015)|||||D'Archeologie & Armes & Tableaux Anciens & Objets d'Art & Mobilier||||||||||Estimate:  5,000 - 6,000 EUR|||||Materials: oil on oak panel Measurements: 10.55 in. (26.80 cm.) (height) by 14.57 in. (37.00 cm.) (width) Size Notes: 1; 2: 27 x 37.2 cm. Description: and his studio; two works in lot Condition: trace of horizontal crack in upper part (1)
6102359|||||Basohli School|||||(Indian, 18th C)|||||Ragaputra Chandravimba of Hindola Raga|||||Lot 15 - Saffronart, Mumbai (December 14, 2015)|||||Classical Indian Art (Sale )||||||||||Estimate: 4,000,000 - 6,000,000 INR|||||Materials: gouache on paper heightened with gold Measurements: 6.18 in. (15.70 cm.) (height) by 5.47 in. (13.90 cm.) (width) Size Notes: image; folio: 20.3 x 19.1 cm Markings: inscribed Takri and Nagari, 'Raga Chandra son of Megha', top
6102360|||||Jan Baptist Lambrechts|||||(Dutch, Flemish, 1680 - 1731)|||||Le concert|||||Lot 63 - Drouot Estimations, Paris (December 14, 2015)|||||D'Archeologie & Armes & Tableaux Anciens & Objets d'Art & Mobilier||||||||||Estimate:  1,500 - 1,800 EUR|||||Materials: oil on canvas Measurements: 20.87 in. (53.00 cm.) (height) by 18.11 in. (46.00 cm.) (width) Condition: minor damages and losses
6102361|||||Attributed to  Jacob Toorenvliet|||||(Dutch, 1635 - 1719)|||||Buveur aI la pipe accoudeI aI un tonneau|||||Lot 65 - Drouot Estimations, Paris (December 14, 2015)|||||D'Archeologie & Armes & Tableaux Anciens & Objets d'Art & Mobilier||||||||||Estimate:  1,500 - 2,000 EUR|||||Materials: oil on mahogany panel Measurements: 8.78 in. (22.30 cm.) (height) by 6.81 in. (17.30 cm.) (width)
6102362|||||Johann Conrad Seekatz|||||(German, 1719 - 1768)|||||La partie de cartes sous laarbre|||||Lot 67 - Drouot Estimations, Paris (December 14, 2015)|||||D'Archeologie & Armes & Tableaux Anciens & Objets d'Art & Mobilier||||||||||Estimate:  600 - 800 EUR|||||Materials: oil on canvas Measurements: 12.60 in. (32.00 cm.) (height) by 10.79 in. (27.40 cm.) (width) Condition: relined, minor restorations, old oxydized varnished
6102363|||||Johann Georg Pforr|||||(German, 1745 - 1798)|||||Cavalier et villageois observant des chevaux en liberteI|||||Lot 68 - Drouot Estimations, Paris (December 14, 2015)|||||D'Archeologie & Armes & Tableaux Anciens & Objets d'Art & Mobilier||||||||||Estimate:  2,500 - 3,500 EUR|||||Materials: oil on copper Measurements: 13.19 in. (33.50 cm.) (height) by 17.32 in. (44.00 cm.) (width) Markings: signed and dated l.r. Condition: minor restoration l.r.; old oxydized varnish
6102364|||||Attributed to  Hyacinthe Rigaud|||||(French, 1659 - 1743)|||||Portrait dahomme coiffeI daune perruque (eItude)|||||Lot 71 - Drouot Estimations, Paris (December 14, 2015)|||||D'Archeologie & Armes & Tableaux Anciens & Objets d'Art & Mobilier||||||||||Estimate:  1,500 - 1,800 EUR|||||Materials: oil on canvas Measurements: 17.91 in. (45.50 cm.) (height) by 14.37 in. (36.50 cm.) (width) Condition: relined, some restorations, old oxydized varnish; in old sculpted and gilded frame with shell and ringed foliage motifs; damages
6102365|||||Attributed to  Sebastien Leclerc the Younger|||||(French, 1676 - 1763)|||||Les entretiens galants ou les oiseaux hors de la cage et laoiseau sur le doigt|||||Lot 73 - Drouot Estimations, Paris (December 14, 2015)|||||D'Archeologie & Armes & Tableaux Anciens & Objets d'Art & Mobilier||||||||||Estimate:  1,500 - 1,800 EUR|||||Materials: oil on canvas Measurements: 26.38 in. (67.00 cm.) (height) by 35.63 in. (90.50 cm.) (width) Condition: relined, some restorations
6102366|||||Jacques Francois Swebach-Desfontaines|||||(French, 1769 - 1823)|||||Campement de soldats au repos|||||Lot 77 - Drouot Estimations, Paris (December 14, 2015)|||||D'Archeologie & Armes & Tableaux Anciens & Objets d'Art & Mobilier||||||||||Estimate:  1,500 - 2,000 EUR|||||Materials: oil on panel Measurements: 19.09 in. (48.50 cm.) (height) by 25.98 in. (66.00 cm.) (width) Markings: numbered in red l.r. '1771' Condition: cradled
6102367|||||Jean Baptiste de Roy|||||(Belgian, 1759 - 1839)|||||Paysage de campagne avec villageois et leurs animaux sur la colline|||||Lot 78 - Drouot Estimations, Paris (December 14, 2015)|||||D'Archeologie & Armes & Tableaux Anciens & Objets d'Art & Mobilier||||||||||Estimate:  1,200 - 1,500 EUR|||||Materials: oil on oak panel Measurements: 15.75 in. (40.00 cm.) (height) by 21.46 in. (54.50 cm.) (width) Markings: signed and dated 1798 l.l.; label verso 'kunstandel Pieter A Scheen den Haag / Nummer 48270' Condition: two horizontal boards
6102368|||||Johan Barthold Jongkind|||||(Dutch, 1819 - 1891)|||||Rue du Portail-Matheron, Avignon|||||Lot 81 - Drouot Estimations, Paris (December 14, 2015)|||||D'Archeologie & Armes & Tableaux Anciens & Objets d'Art & Mobilier||||||||||Estimate:  1,500 - 2,000 EUR|||||Materials: watercolor and charcoal on paper Measurements: 7.87 in. (20.00 cm.) (height) by 4.33 in. (11.00 cm.) (width) Size Notes: sight Markings: signature studio stamp; located and dated '30 sept 73' and numbered '2c 670' in red ink
6102369|||||Attributed to  Eugene Boudin|||||(French, 1824 - 1898)|||||Hommes aux hauts de forme et femmes en crinolines|||||Lot 82 - Drouot Estimations, Paris (December 14, 2015)|||||D'Archeologie & Armes & Tableaux Anciens & Objets d'Art & Mobilier||||||||||Estimate:  350 - 400 EUR|||||Materials: watercolor on traces of pencil on paper Measurements: 5.31 in. (13.50 cm.) (height) by 4.17 in. (10.60 cm.) (width) Condition: stain
6102370|||||Eugene Atget|||||(French, 1857 - 1927)|||||Md de vin, Rue Charles V|||||Lot 6 - Yann Le Mouel Sarl, Paris (November 10, 2015)|||||Photographies (Sale )||||||||||Estimate:  1,500 - 2,500 EUR|||||Materials: albumen print Measurements: 8.54 in. (21.70 cm.) (height) by 6.97 in. (17.70 cm.) (width) Markings: penciled caption and no. '9941' by photographer, print verso
6102371|||||Jean Leon Gerome|||||(French, 1824 - 1904)|||||Portrait de petite fille|||||Lot 83 - Drouot Estimations, Paris (December 14, 2015)|||||D'Archeologie & Armes & Tableaux Anciens & Objets d'Art & Mobilier||||||||||Estimate:  2,000 - 3,000 EUR|||||Materials: pencil on paper Measurements: 18.90 in. (48.00 cm.) (height) by 15.75 in. (40.00 cm.) (width) Size Notes: sight Markings: signed and dated c.r.
6102372|||||Paul Desire Trouillebert|||||(French, 1829 - 1900)|||||Nu au bord de laeItang|||||Lot 84 - Drouot Estimations, Paris (December 14, 2015)|||||D'Archeologie & Armes & Tableaux Anciens & Objets d'Art & Mobilier||||||||||Estimate:  600 - 750 EUR|||||Materials: oil on canvas Measurements: 9.84 in. (25.00 cm.) (height) by 5.91 in. (15.00 cm.) (width) Markings: signed l.l.
6102373|||||Attributed to  Justin Ouvrie|||||(French, 1806 - 1879)|||||Vue daun chaIteau au bord daun fleuve|||||Lot 85 - Drouot Estimations, Paris (December 14, 2015)|||||D'Archeologie & Armes & Tableaux Anciens & Objets d'Art & Mobilier||||||||||Estimate:  200 - 300 EUR|||||Materials: oil on panel Measurements: 7.87 in. (20.00 cm.) (height) by 11.02 in. (28.00 cm.) (width)
6102374|||||Eugene Atget|||||(French, 1857 - 1927)|||||R Charles V, 15|||||Lot 7 - Yann Le Mouel Sarl, Paris (November 10, 2015)|||||Photographies (Sale )||||||||||Estimate:  1,000 - 2,000 EUR|||||Materials: albumen print Measurements: 8.66 in. (22.00 cm.) (height) by 7.05 in. (17.90 cm.) (width) Markings: penciled caption and no. '3931' by photogapher, print verso
6102375|||||Bouvard|||||(French, 19th/20th C)|||||Vue daun canal aI Venise|||||Lot 86 - Drouot Estimations, Paris (December 14, 2015)|||||D'Archeologie & Armes & Tableaux Anciens & Objets d'Art & Mobilier||||||||||Estimate:  1,600 - 1,800 EUR|||||Materials: oil on canvas Measurements: 19.69 in. (50.00 cm.) (height) by 25.59 in. (65.00 cm.) (width) Markings: signed l.l. Condition: wear
6102376|||||Bouvard|||||(French, 19th/20th C)|||||Vue daun canal aI Venise|||||Lot 87 - Drouot Estimations, Paris (December 14, 2015)|||||D'Archeologie & Armes & Tableaux Anciens & Objets d'Art & Mobilier||||||||||Estimate:  3,000 - 5,000 EUR|||||Materials: oil on canvas Measurements: 23.62 in. (60.00 cm.) (height) by 31.50 in. (80.00 cm.) (width) Markings: signed l.r. Condition: damages; damaged frame
6102377|||||Edouard Cortes|||||(French, 1882 - 1969)|||||La porte Saint-Denis|||||Lot 88 - Drouot Estimations, Paris (December 14, 2015)|||||D'Archeologie & Armes & Tableaux Anciens & Objets d'Art & Mobilier||||||||||Estimate:  13,000 - 15,000 EUR|||||Materials: oil on canvas Measurements: 21.26 in. (54.00 cm.) (height) by 25.59 in. (65.00 cm.) (width) Markings: signed l.l. Condition: craquelure and minor repaints
6102378|||||Eugene Atget|||||(French, 1857 - 1927)|||||HA tel de la Brinvilliers l'empoisonneuse - R Charles V 12|||||Lot 8 - Yann Le Mouel Sarl, Paris (November 10, 2015)|||||Photographies (Sale )||||||||||Estimate:  1,500 - 2,500 EUR|||||Materials: albumen print Measurements: 8.66 in. (22.00 cm.) (height) by 6.93 in. (17.60 cm.) (width) Markings: penciled caption and no. '3933' by photographer, print verso
6102379|||||Jean Baptiste Clesinger|||||(French, 1814 - 1883)|||||Taureau romain|||||Lot 89 - Drouot Estimations, Paris (December 14, 2015)|||||D'Archeologie & Armes & Tableaux Anciens & Objets d'Art & Mobilier||||||||||Estimate:  4,000 - 5,000 EUR|||||Materials: bronze with brown patina Measurements: 33.07 in. (84.00 cm.) (height) by 37.80 in. (96.00 cm.) (width) by 13.86 in. (35.20 cm.) (depth) Description: Barbedienne foundry Markings: signed on base; stamped Colas Condition: minor wear to patina
6102380|||||Charles Francois Eustache|||||(French, 1820 - 1870)|||||Halte des cavaliers dans le deIsert|||||Lot 93 - Drouot Estimations, Paris (December 14, 2015)|||||D'Archeologie & Armes & Tableaux Anciens & Objets d'Art & Mobilier||||||||||Estimate:  300 - 400 EUR|||||Materials: lead pencil, pencil heightened with gouache on paper Measurements: 7.48 in. (19.00 cm.) (height) by 14.57 in. (37.00 cm.) (width) Markings: signed l.r.
6102381|||||Eugene Atget|||||(French, 1857 - 1927)|||||Ferme R St Jacques|||||Lot 9 - Yann Le Mouel Sarl, Paris (November 10, 2015)|||||Photographies (Sale )||||||||||Estimate:  1,500 - 2,500 EUR|||||Materials: albumen print Measurements: 8.54 in. (21.70 cm.) (height) by 7.01 in. (17.80 cm.) (width) Markings: penciled caption and no. '3660' by photographer, print verso
6102382|||||Etienne Billet|||||(French, 1821 - 1888)|||||Campement dans le deIsert|||||Lot 94 - Drouot Estimations, Paris (December 14, 2015)|||||D'Archeologie & Armes & Tableaux Anciens & Objets d'Art & Mobilier||||||||||Estimate:  1,500 - 2,500 EUR|||||Materials: oil on panel Measurements: 7.09 in. (18.00 cm.) (height) by 9.06 in. (23.00 cm.) (width) Markings: signed l.r.
6102383|||||After  Antoine Francois Callet|||||(French, 1741 - 1823)|||||Le Triomphe de Flore|||||Lot 95 - Drouot Estimations, Paris (December 14, 2015)|||||D'Archeologie & Armes & Tableaux Anciens & Objets d'Art & Mobilier||||||||||Estimate:  200 - 300 EUR|||||Materials: watercolor heightened with gouache on vellum Measurements:  by 16.93 in. (43.00 cm.) (width) Description: fan project Markings: signed and dated l.l. Condition: minor damages
6102384|||||Charles Voillemot|||||(French, 1823 - 1893)|||||Enfant au rideau|||||Lot 96 - Drouot Estimations, Paris (December 14, 2015)|||||D'Archeologie & Armes & Tableaux Anciens & Objets d'Art & Mobilier||||||||||Estimate:  600 - 800 EUR|||||Materials: watercolor on paper Measurements: 14.76 in. (37.50 cm.) (height) by 9.65 in. (24.50 cm.) (width) Markings: signed l.l. Condition: pin holes
6102385|||||Charles Voillemot|||||(French, 1823 - 1893)|||||Portait daeIleIgante au chaIle|||||Lot 97 - Drouot Estimations, Paris (December 14, 2015)|||||D'Archeologie & Armes & Tableaux Anciens & Objets d'Art & Mobilier||||||||||Estimate:  2,000 - 3,000 EUR|||||Materials: oil on canvas Measurements: 48.43 in. (123.00 cm.) (height) by 33.27 in. (84.50 cm.) (width) Markings: signed and dated u.r.
6102386|||||Charles Lapostolet|||||(French, 1824 - 1890)|||||La Seine aI Rouen|||||Lot 98 - Drouot Estimations, Paris (December 14, 2015)|||||D'Archeologie & Armes & Tableaux Anciens & Objets d'Art & Mobilier||||||||||Estimate:  600 - 800 EUR|||||Materials: oil on canvas Measurements: 14.96 in. (38.00 cm.) (height) by 18.11 in. (46.00 cm.) (width) Markings: signed l.r. Condition: restorations and relining
6102387|||||Gustave Madelain|||||(French, 1867 - 1944)|||||Vue de la catheIdrale Notre-Dame de Rouen|||||Lot 99 - Drouot Estimations, Paris (December 14, 2015)|||||D'Archeologie & Armes & Tableaux Anciens & Objets d'Art & Mobilier||||||||||Estimate:  2,500 - 3,500 EUR|||||Materials: oil on canvas Measurements: 31.89 in. (81.00 cm.) (height) by 25.98 in. (66.00 cm.) (width) Markings: signed l.l.
6102388|||||Jean Baptiste Antoine Guillemet|||||(French, 1843 - 1918)|||||Les moulins des Sables daOlonne|||||Lot 100 - Drouot Estimations, Paris (December 14, 2015)|||||D'Archeologie & Armes & Tableaux Anciens & Objets d'Art & Mobilier||||||||||Estimate:  1,500 - 2,000 EUR|||||Materials: oil on canvas Measurements: 21.26 in. (54.00 cm.) (height) by 28.94 in. (73.50 cm.) (width) Markings: signed l.r. Condition: craquelures and minor cleavage to pictorial layer
6102389|||||Louis Gaidan|||||(French, 1847 - 1925)|||||Paysage de Provence|||||Lot 101 - Drouot Estimations, Paris (December 14, 2015)|||||D'Archeologie & Armes & Tableaux Anciens & Objets d'Art & Mobilier||||||||||Estimate:  1,500 - 2,000 EUR|||||Materials: oil on canvas Measurements: 21.65 in. (55.00 cm.) (height) by 14.96 in. (38.00 cm.) (width) Markings: signed l.l. Condition: later stretcher
6102390|||||Paul Schaan|||||(French, Russian, 1857 - 1924)|||||La lettre|||||Lot 102 - Drouot Estimations, Paris (December 14, 2015)|||||D'Archeologie & Armes & Tableaux Anciens & Objets d'Art & Mobilier||||||||||Estimate:  2,000 - 3,000 EUR|||||Materials: oil on panel Measurements: 21.85 in. (55.50 cm.) (height) by 17.91 in. (45.50 cm.) (width) Markings: signed l.r. Condition: minor damages and restorations l.r.
6102391|||||Raoul Serres|||||(French, 1881 - 1971)|||||Portrait d'homme au chapeau|||||Lot 103 - Drouot Estimations, Paris (December 14, 2015)|||||D'Archeologie & Armes & Tableaux Anciens & Objets d'Art & Mobilier||||||||||Estimate:  500 - 700 EUR|||||Materials: oil on canvas Measurements: 39.37 in. (100.00 cm.) (height) by 29.53 in. (75.00 cm.) (width) Markings: signed u.r.; dedicated 'A mon ami Grenier' and located 'Rome' Condition: minor stratches, canvas slightly unstretched
6102392|||||Eugene Galien-Laloue|||||(French, 1854 - 1941)|||||Paysage animeI de personnages|||||Lot 104 - Drouot Estimations, Paris (December 14, 2015)|||||D'Archeologie & Armes & Tableaux Anciens & Objets d'Art & Mobilier||||||||||Estimate:  600 - 800 EUR|||||Materials: oil on canvas Measurements: 9.45 in. (24.00 cm.) (height) by 12.80 in. (32.50 cm.) (width) Markings: signed l.r. Condition: minor craquelure
6102393|||||Henri Alphonse Barnoin|||||(French, 1882 - 1935)|||||Le port de Concarneau, retour de peIche|||||Lot 105 - Drouot Estimations, Paris (December 14, 2015)|||||D'Archeologie & Armes & Tableaux Anciens & Objets d'Art & Mobilier||||||||||Estimate:  2,000 - 2,500 EUR|||||Materials: oil on canvas Measurements: 23.62 in. (60.00 cm.) (height) by 28.74 in. (73.00 cm.) (width) Markings: signed l.r. Condition: minor damages and minor holes
6102394|||||Isidore Rosenstock|||||(French, 1880 - 1956)|||||Bouquet daaneImones|||||Lot 106 - Drouot Estimations, Paris (December 14, 2015)|||||D'Archeologie & Armes & Tableaux Anciens & Objets d'Art & Mobilier||||||||||Estimate:  300 - 400 EUR|||||Materials: watercolor on paper Measurements: 17.72 in. (45.00 cm.) (height) by 21.85 in. (55.50 cm.) (width) Size Notes: sight Markings: signed l.r. Condition: framed under glass
6102395|||||Isidore Rosenstock|||||(French, 1880 - 1956)|||||Bouquet de pivoines|||||Lot 107 - Drouot Estimations, Paris (December 14, 2015)|||||D'Archeologie & Armes & Tableaux Anciens & Objets d'Art & Mobilier||||||||||Estimate:  300 - 400 EUR|||||Materials: watercolor on paper Measurements: 21.26 in. (54.00 cm.) (height) by 17.32 in. (44.00 cm.) (width) Size Notes: sight Markings: signed l.l. Condition: framed under glass
6102396|||||Tony Tollet|||||(French, 1857 - 1953)|||||Jeunes femmes aI laantique autour daun bassin|||||Lot 108 - Drouot Estimations, Paris (December 14, 2015)|||||D'Archeologie & Armes & Tableaux Anciens & Objets d'Art & Mobilier||||||||||Estimate:  3,000 - 5,000 EUR|||||Materials: oil on canvas Measurements: 35.04 in. (89.00 cm.) (height) by 45.67 in. (116.00 cm.) (width) Markings: signed l.l. Condition: minor damages
6102397|||||Joe Descomps|||||(French, 1869 - 1950)|||||Faune sortant daun buisson et surprenantune bacchante endormie, sur terrasse ovale|||||Lot 110 - Drouot Estimations, Paris (December 14, 2015)|||||D'Archeologie & Armes & Tableaux Anciens & Objets d'Art & Mobilier||||||||||Estimate:  200 - 300 EUR|||||Materials: patinated terra cotta Measurements: 5.31 in. (13.50 cm.) (height) by 7.68 in. (19.50 cm.) (width) by 6.10 in. (15.50 cm.) (depth) Description: molded oval stained wood base Markings: publisher's stamp of a spider in a web; signed on base Condition: crack to one ear; cracks
6102398|||||Attributed to  Eugene Aizelin|||||(French, 1821 - 1902)|||||Marguerite|||||Lot 111 - Drouot Estimations, Paris (December 14, 2015)|||||D'Archeologie & Armes & Tableaux Anciens & Objets d'Art & Mobilier||||||||||Estimate:  1,500 - 2,000 EUR|||||Materials: white marble Measurements: 22.83 in. (58.00 cm.) (height) Description: on pedestal Condition: minor damages
6102399|||||Attributed to  Eugene Aizelin|||||(French, 1821 - 1902)|||||Mignon|||||Lot 112 - Drouot Estimations, Paris (December 14, 2015)|||||D'Archeologie & Armes & Tableaux Anciens & Objets d'Art & Mobilier||||||||||Estimate:  300 - 500 EUR|||||Materials: white marble Measurements: 19.69 in. (50.00 cm.) (height) Condition: minor damages
6102400|||||Attributed to  Eugene Aizelin|||||(French, 1821 - 1902)|||||Jeune femme de profil|||||Lot 113 - Drouot Estimations, Paris (December 14, 2015)|||||D'Archeologie & Armes & Tableaux Anciens & Objets d'Art & Mobilier||||||||||Estimate:  300 - 500 EUR|||||Materials: white marble Measurements: 19.69 in. (50.00 cm.) (height) Condition: damages and losses
6102401|||||Attributed to  Eugene Aizelin|||||(French, 1821 - 1902)|||||Diane|||||Lot 114 - Drouot Estimations, Paris (December 14, 2015)|||||D'Archeologie & Armes & Tableaux Anciens & Objets d'Art & Mobilier||||||||||Estimate:  300 - 500 EUR|||||Materials: white marble Measurements: 23.62 in. (60.00 cm.) (height) Description: on pedestal Condition: damages and losses
6102402|||||Albert Carrier-Belleuse|||||(French, 1824 - 1887)|||||La liseuse|||||Lot 115 - Drouot Estimations, Paris (December 14, 2015)|||||D'Archeologie & Armes & Tableaux Anciens & Objets d'Art & Mobilier||||||||||Estimate:  3,500 - 4,000 EUR|||||Materials: chryselephantine in ivory and patinated gilt bronze Measurements: 23.62 in. (60.00 cm.) (height) Size Notes: height without base; total height: 63 cm. Description: counterbase in pink marble; Pre-convention ivory Markings: signed; cartouche on base with inscription 'Liseuse par A. Carrier-Belleuse - Grand prix du Salon'
6102403|||||Jean Baptiste Carpeaux|||||(French, 1827 - 1875)|||||La peIcheuse de vignots|||||Lot 116 - Drouot Estimations, Paris (December 14, 2015)|||||D'Archeologie & Armes & Tableaux Anciens & Objets d'Art & Mobilier||||||||||Estimate:  2,500 - 3,000 EUR|||||Materials: bronze with brown patina Measurements: 28.35 in. (72.00 cm.) (height) Markings: signed on base; Exposition 1889 stamp on wing 'ProprieIteI Carpeaux' Condition: minor wear
6102404|||||Antoine-Louis Barye|||||(French, 1796 - 1875)|||||Cerf qui eIcoute|||||Lot 119 - Drouot Estimations, Paris (December 14, 2015)|||||D'Archeologie & Armes & Tableaux Anciens & Objets d'Art & Mobilier||||||||||Estimate:  600 - 800 EUR|||||Materials: bbronze with brown-green patina nuanced Measurements: 7.48 in. (19.00 cm.) (height) by 6.34 in. (16.10 cm.) (width) by 2.32 in. (5.90 cm.) (depth) Markings: signed and dated on base; numbered '43' and '718' below base; marked 'F. Barbedienne Fondeur' and with gold stamp 'FB'
6102405|||||Maximilien Louis Fiot|||||(French, 1886 - 1953)|||||Deux biches|||||Lot 120 - Drouot Estimations, Paris (December 14, 2015)|||||D'Archeologie & Armes & Tableaux Anciens & Objets d'Art & Mobilier||||||||||Estimate:  1,000 - 1,200 EUR|||||Materials: bronze with brown patina Measurements:  by 17.32 in. (44.00 cm.) (width) Description: lost wax cast, Susse freIres eIditeurs Paris Markings: signed on base
6102406|||||Eugene Atget|||||(French, 1857 - 1927)|||||St SAverin|||||Lot 10 - Yann Le Mouel Sarl, Paris (November 10, 2015)|||||Photographies (Sale )||||||||||Estimate:  2,500 - 3,500 EUR|||||Materials: albumen print Measurements: 8.66 in. (22.00 cm.) (height) by 7.05 in. (17.90 cm.) (width) Markings: penciled caption and no. '9041' by photographer, print, verso
